periodo,kg,usd
201301,28562292,17160516
201302,23756478,16172871
201303,25111990,23136803
201304,31901452,22568069
201305,39806116,19468898
201306,33838120,13743419
201307,44483874,18155658
201308,40542168,17405886
201309,36038299,13853519
201310,34700734,13470818
201311,32885780,13763930
201312,32109396,15481808
201401,34786584,22437713
201402,22970627,23940995
201403,23510614,43827824
201404,24128354,41789754
201405,32555341,24023097
201406,39471349,16476882
201407,43664552,21680159
201408,42405009,20174578
201409,36270966,13693092
201410,38096027,15834851
201411,32507867,17890751
201412,33716907,18197307
201501,38014580,22228766
201502,29574040,20340933
201503,33681699,39515823
201504,31949001,31560825
201505,41738797,21984647
201506,45012653,16972489
201507,48346365,17990553
201508,50516417,26788618
201509,41102069,20774996
201510,39372834,17182432
201511,39083051,18267580
201512,38564369,17427449
201601,43585856,21906772
201602,36574134,23027576
201603,33429265,25993905
201604,35881313,47859575
201605,39764947,46860039
201606,52561406,32154040
201607,47758756,21084960
201608,50105748,28509531
201609,48999697,31801821
201610,48817107,23864368
201611,40453347,19433355
201612,41437518,25883472
201701,40176330,36561450
201702,35087981,33702662
201703,41587228,40860915
201704,45730896,32723436
201705,53908510,28618698
201706,56495949,23689970
201707,59503229,27412045
201708,52297395,30420866
201709,50338438,29519777
201710,46983653,23446182
201711,42282856,26122138
201712,45425737,34515397
201801,42747771,33186793
201802,37634166,41703750
201803,37376679,65532435
201804,40146557,55628825
201805,57449546,46321226
201806,53550002,25962222
201807,54525578,25519794
201808,58168524,39730078
201809,48975756,28394063
201810,49713148,26375861
201811,48171648,23655046
201812,47795146,23421574
201901,51568850,31655165
201902,39741833,28410235
201903,45908708,53693266
201904,45196940,49222263
201905,57209157,41609998
201906,58027230,28658325
201907,55590802,28810101
201908,55715071,40301200
201909,53017776,50337714
201910,49504814,31609301
201911,47580339,33970538
201912,48722190,34697902
202001,57042707,36649968
202002,43431365,25240843
202003,56197324,44051065
202004,46099540,29879087
202005,65710814,37764609
202006,62750659,31288793
202007,60478271,35471605
202008,65399068,54704140
202009,58878845,41371353
202010,54426656,29490933
202011,50068524,31853248
202012,48911748,26777877
202101,53589393,37304543
202102,42530037,43146685
202103,45260357,69122407
202104,48042208,76104863
202105,54391287,61583328
202106,61355737,37719965
202107,63529531,38749872
202108,64243174,56118792
202109,58296762,43406060
202110,54446652,33143555
202111,50465373,36917735
202112,48771264,37636847
202201,48261139,75560118
202202,35113344,69958994
202203,35114818,91206927
202204,45570000,93927449
202205,49240606,46938181
202206,57660166,41949607
202207,55472214,36981330
202208,58900457,52698594
202209,55230706,55416053
202210,55506751,37833638
202211,47859180,30576602
202212,54194850,47283129
202301,45742744,54337471
202302,42224313,63634387
202303,40613418,76030550
202304,49242841,79150587
202305,61276175,50627394
202306,56079613,39051141
202307,51170290,51618245
202308,48714257,53345473
202309,48079540,68561919
202310,45369314,64455572
202311,41459524,47613982
202312,45423947,45079261
202401,42060724,53442167
202402,38398821,53100085
202403,44904006,65639468
202404,44392921,57012718
202405,53046479,54553605
202406,57997359,56939125
202407,55238077,49486166
202408,56774801,67055886
202409,52279014,94096556
202410,55819853,51886369
202411,52976348,33749012
202412,50701549,41538098
202501,50140049,57866681
202502,38127610,43582091
202503,47115543,62993998
202504,42067249,58732378
202505,55217301,76603198
202506,58956172,50294876
202507,65089689,46329697
202508,67415516,71226398
202509,60918972,56598799
202510,59278402,41654881
202511,50289889,36194813
202512,51829078,48425794
202601,51156498,63727201
202602,38182778,60450758
202603,41745703,95963482
202604,43181037,79075692
202605,55246783,80818485
202606,58571669,49237465
202607,63191788,41794640
