periodo,reportero,kg,usd
201001,191,306.0,830.0
201001,251,43900.0,86960.161
201001,276,79417.0,152311.564
201001,372,7840.0,13138.205
201001,528,160200.0,248622.725
201001,703,498.0,893.289
201001,705,2182.5,4803.18
201001,826,50400.0,32664.61
201001,842,,15749798.0
201002,191,40.0,197.0
201002,251,42700.0,70788.884
201002,276,33451.0,65155.058
201002,372,1980.0,3310.232
201002,528,165400.0,254090.082
201002,705,1393.5,2678.602
201002,826,22680.0,12556.838
201002,842,,14479464.0
201003,191,486.0,685.0
201003,251,80100.0,194306.217
201003,276,46692.0,107108.329
201003,372,1935.0,3244.554
201003,528,295100.0,510660.389
201003,705,777.5,1544.002
201003,826,22800.0,14546.709
201003,842,26365210.0,21877026.0
201004,191,67.0,236.0
201004,251,35900.0,66944.646
201004,276,72692.0,130718.371
201004,372,1260.0,2060.763
201004,528,256900.0,465233.782
201004,705,704.5,1265.698
201004,724,618.0,868.819
201004,842,,23239162.0
201005,56,13397.0,15815.623
201005,191,778.0,1963.0
201005,251,79800.0,96752.995
201005,276,72643.0,115785.857
201005,372,135.0,415.696
201005,528,136700.0,183785.479
201005,705,918.0,1747.585
201005,724,2160.0,5814.938
201005,842,,20661703.0
201006,56,39771.0,62543.394
201006,191,3384.0,11107.0
201006,251,74700.0,145655.117
201006,276,397675.0,873094.517
201006,372,7254.0,14138.263
201006,380,82200.0,131372.81
201006,528,2343000.0,3850253.618
201006,620,5760.0,17226.66
201006,703,505.0,2000.744
201006,705,7619.83,29408.737
201006,724,62300.0,190174.411
201006,826,539300.0,543179.329
201006,842,,12984188.0
201007,56,63828.0,91484.22
201007,191,15794.0,36756.0
201007,251,46800.0,97331.549
201007,276,519622.0,1094974.181
201007,372,16509.0,33522.33
201007,380,190000.0,324655.727
201007,528,3068400.0,5276911.028
201007,703,1514.0,4036.633
201007,705,8965.54,23732.598
201007,724,60108.8,132957.72
201007,826,679100.0,614439.747
201007,842,,11246521.0
201008,56,4320.0,14773.556
201008,191,11665.0,23415.0
201008,208,44800.0,38401.097
201008,251,63500.0,112161.111
201008,276,466975.0,963150.827
201008,372,14665.0,28129.867
201008,380,180900.0,269026.822
201008,528,3118000.0,4701317.835
201008,703,10384.0,4412.452
201008,705,8951.6,20207.755
201008,724,134612.4,235235.352
201008,826,621400.0,546355.19
201008,842,,14017926.0
201009,56,154652.0,193699.839
201009,191,2608.0,5875.0
201009,208,24300.0,15649.188
201009,251,76000.0,118541.958
201009,276,426374.0,783847.791
201009,372,12448.0,23107.122
201009,380,111500.0,147790.729
201009,528,2197100.0,2501420.93
201009,703,908.0,976.247
201009,705,5350.7,9973.665
201009,724,207101.0,323358.918
201009,826,301500.0,196491.416
201009,842,,19860057.0
201010,56,9517.0,12432.812
201010,191,2436.0,6720.0
201010,251,80200.0,144097.993
201010,276,432251.0,868558.331
201010,372,6660.0,11926.405
201010,380,53700.0,76572.47
201010,528,2427800.0,2705926.561
201010,703,1397.0,2337.475
201010,705,8220.99,20822.846
201010,724,377608.0,435223.911
201010,826,674900.0,502209.786
201010,842,,18823959.0
201011,56,21384.0,44212.596
201011,191,2070.0,4994.0
201011,208,48600.0,53249.04
201011,251,123500.0,247881.108
201011,276,272290.0,610354.15
201011,372,14363.0,26900.323
201011,380,25800.0,37738.55
201011,528,2913600.0,4963302.058
201011,642,10400.0,6662.957
201011,703,3609.0,7434.385
201011,705,7868.4,19778.11
201011,724,232060.0,368116.607
201011,826,520400.0,452111.657
201011,842,0.0,17512654.0
201012,56,85517.0,141765.769
201012,191,3079.0,7174.0
201012,208,13300.0,21493.281
201012,251,136800.0,253015.309
201012,276,293049.0,643625.949
201012,372,16676.0,29015.929
201012,380,49100.0,73825.322
201012,528,1331600.0,1926926.837
201012,642,4400.0,2709.793
201012,703,3795.0,7765.869
201012,705,8530.5,20090.88
201012,724,37901.0,58916.375
201012,826,239500.0,110559.534
201012,842,0.0,20058244.0
201101,56,6912.0,36179.495
201101,191,495.0,1606.0
201101,251,33900.0,77875.44
201101,276,96593.0,216920.976
201101,372,13613.0,23084.744
201101,528,65196.0,100055.712
201101,616,1558.0,4551.0
201101,642,8640.0,5335.01
201101,705,1701.7,5894.151
201101,724,25000.0,16156.542
201101,826,66996.0,25273.744
201101,842,0.0,28738633.0
201102,56,3456.0,17689.104
201102,251,26300.0,74673.679
201102,276,30501.0,100343.353
201102,372,10584.0,18458.908
201102,528,64300.0,196037.857
201102,642,6912.0,4374.42
201102,705,443.0,1737.411
201102,842,0.0,27862041.0
201103,56,13165.0,23948.551
201103,191,31.0,101.0
201103,251,34700.0,78562.388
201103,276,28638.0,76139.161
201103,372,5015.0,9669.109
201103,528,41930.0,127969.059
201103,642,12672.0,8057.68
201103,705,22.5,112.189
201103,724,34.0,118.558
201103,826,21384.0,4788.813
201103,842,0.0,20148851.0
201104,56,21632.0,28884.0
201104,191,1232.0,3995.0
201104,251,43600.0,79171.044
201104,276,184170.0,300454.256
201104,372,7263.0,13197.1
201104,380,32800.0,62346.114
201104,528,688572.0,1111527.086
201104,616,17493.0,39592.0
201104,705,663.0,1723.048
201104,724,7583.0,35370.451
201104,826,149688.0,100484.936
201104,842,0.0,11985723.0
201105,56,106326.0,155528.537
201105,191,2569.0,7339.0
201105,251,62900.0,144782.641
201105,276,348609.0,680871.538
201105,372,8678.0,17254.544
201105,380,43000.0,69313.739
201105,528,1128760.0,1656433.356
201105,616,42726.0,86514.0
201105,705,3239.12,8541.724
201105,724,37560.0,44083.954
201105,826,331344.0,233279.104
201105,842,0.0,13516619.0
201106,56,56472.0,98017.358
201106,191,13255.0,35118.0
201106,251,41400.0,109176.144
201106,276,392566.0,694995.074
201106,372,23563.0,42287.771
201106,380,86500.0,151606.356
201106,528,1284630.0,1538249.856
201106,616,72615.0,129787.0
201106,703,1840.0,2149.567
201106,705,3332.78,8600.203
201106,724,3458.0,10827.2
201106,826,528264.0,325945.823
201106,842,0.0,13723417.0
201107,56,21276.0,39307.35
201107,191,7965.0,24445.0
201107,251,133100.0,271515.24
201107,276,325012.0,878451.591
201107,372,24549.0,55908.098
201107,380,46800.0,84428.616
201107,528,1196040.0,2009278.417
201107,616,52313.0,152610.0
201107,703,15861.0,6740.723
201107,705,6611.0,21999.33
201107,724,26487.0,87932.404
201107,826,359784.0,181324.988
201107,842,0.0,15307288.0
201108,56,129259.0,290149.105
201108,191,8334.0,44031.0
201108,251,176800.0,421655.514
201108,276,385916.0,1328505.616
201108,372,32345.0,100321.485
201108,380,107800.0,232399.629
201108,528,1399170.0,3701029.058
201108,616,51975.0,221149.0
201108,703,40146.0,24643.284
201108,705,5855.41,27946.569
201108,724,135562.5,264095.825
201108,826,408033.0,315078.737
201108,842,0.0,24317949.0
201109,56,107515.0,271049.104
201109,191,3256.0,15816.0
201109,251,145100.0,393408.9
201109,276,305211.0,888801.21
201109,372,32155.0,89820.257
201109,380,138200.0,279228.06
201109,528,2191590.0,6616252.529
201109,616,69231.0,250981.0
201109,703,11723.0,15050.702
201109,705,7085.43,30528.877
201109,724,36434.5,94143.495
201109,826,272385.0,333169.774
201109,842,0.0,24498010.0
201110,56,43264.0,64794.526
201110,191,940.0,2926.0
201110,251,104700.0,194282.55
201110,276,350819.0,626232.622
201110,372,27587.0,56690.757
201110,380,45200.0,91679.434
201110,528,1396500.0,2753987.698
201110,616,89485.0,179864.0
201110,703,1407.0,2460.227
201110,705,3646.34,9865.315
201110,724,47514.0,67226.176
201110,826,418716.0,447101.424
201110,842,,18056995.0
201111,56,21276.0,39145.255
201111,191,929.0,2173.0
201111,203,25000.0,21052.468
201111,251,205500.0,296117.264
201111,276,440267.0,731838.283
201111,372,34568.0,57816.34
201111,380,40800.0,66654.852
201111,528,1289010.0,1569333.385
201111,616,77929.0,152567.0
201111,703,10374.0,4507.37
201111,705,5495.9,12560.804
201111,724,78576.0,69958.558
201111,826,771390.0,457304.085
201111,842,,14051495.0
201112,56,28960.0,52458.917
201112,191,1259.0,3745.0
201112,251,253900.0,385485.75
201112,276,384205.0,756255.829
201112,372,40466.0,73519.052
201112,380,37400.0,61717.257
201112,528,1435580.0,2129634.147
201112,616,99654.0,231007.0
201112,703,14175.0,3638.722
201112,705,6535.5,20026.325
201112,724,48382.5,71553.865
201112,826,485312.0,267945.344
201112,842,,16069500.0
201201,191,79.0,1378.0
201201,251,138700.0,261932.785
201201,276,151417.0,303877.907
201201,372,26803.0,56187.079
201201,380,13400.0,23809.725
201201,528,320405.0,622280.39
201201,616,66196.0,117554.0
201201,703,16157.0,4157.991
201201,705,2243.0,6664.254
201201,724,50364.0,61822.228
201201,757,18016.0,41384.372
201201,826,106920.0,98883.376
201201,842,,16329644.0
201202,56,15040.0,32556.047
201202,100,36.0,150.091
201202,191,48.0,544.0
201202,251,122000.0,235995.504
201202,276,86983.0,156443.887
201202,372,13020.0,21018.226
201202,380,12600.0,24834.672
201202,528,119048.0,178613.923
201202,616,9379.0,17367.0
201202,705,8.0,21.253
201202,724,19080.0,25592.275
201202,752,2570.978,2098.964
201202,757,7639.0,16432.421
201202,826,62208.0,70877.24
201202,842,0.0,16795740.0
201203,191,67.0,1780.0
201203,251,147900.0,246291.057
201203,276,63645.0,129342.078
201203,372,18541.0,24671.349
201203,380,32100.0,62229.514
201203,528,281649.0,333470.461
201203,616,19062.0,37456.0
201203,705,552.1,1096.165
201203,752,2208.809,1930.903
201203,757,5416.0,13270.93
201203,826,45441.0,59144.508
201203,842,0.0,21153861.0
201204,56,24336.0,26512.098
201204,191,116.0,3670.0
201204,251,88100.0,167473.288
201204,276,129594.0,233280.656
201204,372,14009.0,23986.429
201204,380,22600.0,29667.148
201204,528,446628.0,554009.639
201204,616,37031.0,102732.0
201204,705,306.95,950.012
201204,724,14126.0,16867.05
201204,757,14912.0,33183.022
201204,826,213840.0,281844.638
201204,842,0.0,18326110.0
201205,56,61838.0,107344.638
201205,100,2736.0,5912.004
201205,191,428.0,12906.0
201205,251,127900.0,245561.589
201205,276,289883.0,462656.143
201205,372,31344.0,55245.922
201205,380,33500.0,58074.849
201205,528,1424150.0,2167005.248
201205,616,103042.0,219740.0
201205,620,3123.0,6138.72
201205,705,3907.48,11384.118
201205,724,60446.0,82954.544
201205,752,1658.223,1848.158
201205,757,30918.0,61108.047
201205,826,110419.0,98961.828
201205,842,0.0,16195846.0
201206,56,79993.1,139875.75
201206,100,1743.0,6039.066
201206,191,15848.0,40064.0
201206,251,153200.0,281308.908
201206,276,589608.0,838748.476
201206,372,45133.0,77339.282
201206,380,124000.0,211601.718
201206,528,1959560.0,2847941.422
201206,616,120500.0,224114.0
201206,703,13443.0,6351.935
201206,705,6024.6,14368.411
201206,724,86874.0,110743.769
201206,757,86245.0,160724.641
201206,826,506145.0,500685.994
201206,842,0.0,13872006.0
201207,56,44226.0,68518.494
201207,100,6653.0,9310.849
201207,191,31951.0,75143.0
201207,251,96900.0,168032.836
201207,276,457733.0,743420.31
201207,372,33058.0,50546.203
201207,380,115400.0,166816.72
201207,528,1960010.0,2774668.154
201207,616,187944.0,359150.0
201207,703,14048.0,11462.2
201207,705,11051.25,24565.808
201207,724,85869.4,112952.977
201207,752,25000.0,17831.696
201207,757,70789.0,130536.954
201207,826,387540.0,413656.934
201207,842,0.0,18737154.0
201208,56,42383.0,65775.614
201208,100,310.0,207.303
201208,191,32281.0,71992.0
201208,251,120200.0,301034.8
201208,276,519209.0,852559.52
201208,372,44638.0,70270.8
201208,380,137200.0,200384.0
201208,528,2761430.0,3996931.68
201208,616,157430.0,296289.0
201208,703,2770.0,6976.24
201208,705,10822.1,28116.428
201208,724,118273.0,169650.823
201208,757,51706.0,106762.598
201208,826,446328.0,423853.016
201208,842,0.0,23004793.0
201209,191,5557.0,9912.0
201209,251,183200.0,462626.234
201209,276,352057.0,601111.97
201209,372,41153.0,66104.523
201209,380,124200.0,184752.216
201209,528,2388768.0,3569162.106
201209,616,138349.0,247658.0
201209,703,4251.0,8863.478
201209,705,6699.68,15670.661
201209,724,138004.6,168830.753
201209,757,43451.0,85289.283
201209,826,314064.0,330415.619
201209,842,0.0,19617914.0
201210,100,1584.0,3999.337
201210,191,4073.0,7277.0
201210,251,153200.0,322767.172
201210,276,281442.0,486654.74
201210,372,43063.0,61901.549
201210,380,61500.0,81048.578
201210,528,1894460.0,2432186.479
201210,616,128893.0,157509.0
201210,703,22261.0,12641.866
201210,705,5004.76,11943.679
201210,724,49410.0,49981.66
201210,757,49596.0,90761.6
201210,826,281759.0,302850.147
201210,842,0.0,19525921.0
201211,100,864.0,2216.685
201211,191,2724.0,5966.0
201211,251,177900.0,402388.704
201211,276,203877.0,388798.721
201211,372,35381.0,59523.203
201211,380,4600.0,7042.572
201211,528,1630100.0,2010473.431
201211,616,99603.0,186697.0
201211,703,1855.0,4904.144
201211,705,5794.6,14440.977
201211,724,138715.5,165840.397
201211,757,84631.0,174880.108
201211,826,256860.0,310394.452
201211,842,0.0,19301077.0
201212,56,21376.0,46513.52
201212,100,1728.0,5733.142
201212,191,3329.0,10236.0
201212,251,187800.0,484787.142
201212,276,221293.0,545472.499
201212,372,38848.0,88661.502
201212,528,1129890.0,1948059.095
201212,616,52648.0,151994.0
201212,703,4065.0,11968.555
201212,705,6992.16,26158.425
201212,724,122064.0,278328.174
201212,757,74139.0,233276.648
201212,826,313192.0,435710.971
201212,842,0.0,17157717.0
201301,56,30801.0,54394.481
201301,100,1824.0,6632.025
201301,203,72115.0,122378.0
201301,246,9889.0,28821.672
201301,251,105800.0,294927.16
201301,276,176659.0,474143.745
201301,372,42068.0,96247.642
201301,442,2519.0,10290.227
201301,528,426241.0,1010525.824
201301,616,35069.0,114258.0
201301,703,304.0,1191.934
201301,705,1912.68,8624.647
201301,724,66140.0,164474.2
201301,757,22221.0,76664.926
201301,826,87948.0,86074.883
201301,842,0.0,20100472.0
201302,56,5185.0,15359.577
201302,100,960.0,2885.337
201302,203,7512.0,22433.0
201302,246,6112.0,15552.548
201302,251,181800.0,454326.231
201302,276,76360.0,194470.971
201302,372,30327.0,58044.855
201302,380,9200.0,16591.878
201302,442,4022.0,16435.578
201302,528,722965.0,1773706.492
201302,616,21471.0,60353.0
201302,703,976.0,3044.516
201302,705,1591.4,5257.372
201302,724,51858.0,101311.477
201302,757,11070.0,29386.029
201302,826,194328.0,183063.447
201302,842,0.0,18723073.0
201303,100,2880.0,5207.655
201303,203,55118.0,45345.0
201303,246,13287.0,19810.061
201303,251,145500.0,391616.512
201303,276,114396.0,206945.628
201303,372,22062.0,38228.243
201303,380,20200.0,35884.352
201303,442,4611.0,14768.589
201303,528,429256.0,780113.886
201303,616,43257.0,69584.0
201303,703,400.0,687.092
201303,705,1025.13,3181.118
201303,724,39980.0,69380.152
201303,757,10159.0,21060.907
201303,826,42768.0,37448.852
201303,842,0.0,26693321.0
201304,203,19157.0,28721.0
201304,246,8605.0,16059.632
201304,251,132400.0,379366.312
201304,276,102898.0,193570.084
201304,372,14351.0,23019.37
201304,380,5500.0,10577.031
201304,442,4316.0,12752.356
201304,528,156949.0,266758.709
201304,616,6090.0,13153.0
201304,705,1083.08,3457.734
201304,724,25465.0,43037.443
201304,757,6263.0,16811.017
201304,842,0.0,26589618.0
201305,56,10368.0,19136.909
201305,203,68169.0,149224.0
201305,246,27276.0,83689.761
201305,251,172800.0,444841.212
201305,276,181185.0,461538.66
201305,372,21212.0,56624.888
201305,380,8600.0,26833.794
201305,442,5286.0,21873.372
201305,528,1619430.0,3207065.491
201305,616,73472.0,242598.0
201305,703,1278.0,4567.068
201305,705,4699.2,20202.125
201305,724,153606.5,385795.194
201305,757,27111.0,89694.141
201305,826,533728.0,557724.105
201305,842,0.0,22743939.0
201306,56,19788.0,35082.358
201306,203,180187.0,179291.0
201306,246,29002.0,68195.043
201306,251,158700.0,390750.503
201306,276,310394.0,733284.66
201306,372,40933.0,97415.273
201306,380,104400.0,278142.821
201306,442,9285.0,28970.957
201306,528,2234790.0,5370837.769
201306,616,78565.0,182209.0
201306,703,5982.0,11541.694
201306,705,5293.05,20142.645
201306,724,160724.0,388499.325
201306,757,74347.0,166981.554
201306,826,723480.0,597261.671
201306,842,0.0,16372721.0
201307,56,76250.0,122226.086
201307,203,294447.0,254882.0
201307,251,126300.0,353107.68
201307,276,475187.0,994727.46
201307,372,47781.0,89518.212
201307,380,95300.0,159340.56
201307,442,10492.0,24463.524
201307,528,2464610.0,3958061.628
201307,616,148007.0,270011.0
201307,703,7633.0,14828.796
201307,724,240515.0,345125.061
201307,757,58067.0,136172.494
201307,826,728480.0,490606.072
201307,842,0.0,21590585.0
201308,56,80914.0,133410.096
201308,203,147935.0,318312.0
201308,251,198000.0,536991.95
201308,276,489765.0,1274384.584
201308,372,69298.0,132835.131
201308,380,127700.0,263364.97
201308,442,12090.0,41700.23
201308,528,3061790.0,5817328.495
201308,616,118468.0,346558.0
201308,703,6226.0,20607.873
201308,705,10154.0,44779.579
201308,724,379588.0,835541.16
201308,757,93161.0,292204.476
201308,826,998108.0,855086.072
201308,842,0.0,25425080.0
201309,56,36312.0,68138.83
201309,203,96366.0,136264.0
201309,251,200000.0,538391.58
201309,276,436427.0,927206.807
201309,372,44843.0,74557.924
201309,380,62300.0,153648.828
201309,442,7277000.0,16384.67
201309,528,2916710.0,6774368.951
201309,703,1158.0,3969.695
201309,705,8285.49,23759.983
201309,724,185560.0,378544.208
201309,757,72282.0,144327.198
201309,826,1384462.0,1420015.724
201309,842,0.0,20813533.0
201310,251,124200.0,330201.217
201310,276,402143.0,725358.686
201310,372,21020.0,31795.69
201310,380,57100.0,68993.606
201310,442,5724000.0,14700.001
201310,528,2153000.0,2784853.277
201310,703,6292.0,10252.232
201310,705,12233.75,25355.689
201310,724,141427.0,155323.71
201310,757,97931.0,167252.835
201310,826,998797.0,504258.704
201310,842,0.0,22202765.0
201311,203,54218.0,73889.0
201311,251,111800.0,316503.536
201311,276,182457.0,300706.696
201311,372,29372.0,46383.906
201311,380,32100.0,45108.77
201311,442,9733.0,18012.473
201311,528,1868660.0,2431938.902
201311,703,2576.0,4976.403
201311,705,5372.1,12679.444
201311,724,101144.6,120250.388
201311,757,85043.0,152623.972
201311,826,608212.0,469689.377
201311,842,0.0,18891205.0
201312,203,93226.0,158576.0
201312,251,225300.0,602372.507
201312,276,284407.0,549394.424
201312,372,37038.0,62982.222
201312,380,28300.0,33424.788
201312,442,9754.0,20741.458
201312,528,1891330.0,2288823.664
201312,703,2772.0,5455.682
201312,705,5946.64,15255.293
201312,724,90991.5,115848.642
201312,757,87994.0,165987.98
201312,826,625432.0,420101.116
201312,842,0.0,19567284.0
201401,56,4814.0,7272.531
201401,203,42452.0,96012.0
201401,233,1115900.0,2659.802
201401,246,19373.0,42195.083
201401,251,410606.0,783192.894
201401,276,159341.0,323470.231
201401,372,46433.0,74098.284
201401,442,5899.0,17419.439
201401,528,348782.0,514177.634
201401,616,50982.0,91735.0
201401,620,262.0,793.463
201401,703,10547.0,20506.187
201401,705,2197.55,6250.984
201401,724,31963.0,55624.696
201401,757,26123.0,63262.193
201401,826,23516.0,25576.04
201401,842,0.0,26143126.0
201402,56,5824.0,8829.615
201402,203,6677.0,16515.0
201402,233,10900.0,46.845
201402,246,14683.0,35480.819
201402,251,313357.0,731004.03
201402,276,45933.0,119646.011
201402,372,14666.0,26997.013
201402,442,0.0,23280.575
201402,528,287169.0,541877.116
201402,616,14050.0,33721.0
201402,620,40.0,143.404
201402,703,4645.0,9800.332
201402,705,552.4,1777.559
201402,724,20970.0,41282.019
201402,757,5938.0,13671.9
201402,826,891.0,2214.813
201402,842,0.0,26728419.0
201403,203,6451.0,12954.0
201403,233,12000.0,65.103
201403,246,10178.0,25916.625
201403,251,172835.0,647050.355
201403,276,32286.0,81830.778
201403,372,20138.0,38060.248
201403,442,2973.0,7012.002
201403,528,108591.0,283945.155
201403,616,8468.0,18890.0
201403,620,80.0,399.462
201403,703,13306.0,20214.755
201403,705,3837.356,10691.86
201403,724,7560.0,7541.497
201403,757,4552.0,14716.313
201403,826,891.0,2207.614
201403,842,0.0,41938568.0
201404,203,30128.0,61709.0
201404,246,1530.0,7550.186
201404,251,60650.0,257202.204
201404,276,24176.0,76243.616
201404,372,11671.0,20834.148
201404,442,6795.0,20183.556
201404,528,48528.0,87734.651
201404,620,72.0,356.375
201404,705,3422.3,10217.822
201404,757,2276.0,13109.806
201404,842,0.0,52077169.0
201405,56,40058.0,61056.18
201405,203,16909.0,71553.0
201405,233,11.6,66.538
201405,246,12156.0,63128.316
201405,251,119587.0,437954.902
201405,276,30886.0,129270.302
201405,372,2466.0,6743.785
201405,380,30564.0,85669.672
201405,442,6096.0,26311.856
201405,528,268376.0,699289.741
201405,616,13801.0,56654.0
201405,620,80.0,423.178
201405,705,5349.9,21118.486
201405,724,59154.5,174904.676
201405,757,5825.0,27555.894
201405,826,100589.0,285039.681
201405,842,0.0,28719065.0
201406,56,57297.0,131390.099
201406,203,79638.0,269473.0
201406,233,2735.3,9944.723
201406,246,34655.0,146982.529
201406,251,419956.0,1052979.036
201406,276,196421.0,675294.054
201406,372,17762.0,55717.686
201406,380,52272.0,130787.661
201406,442,13105.0,55791.082
201406,528,1883734.0,4629017.926
201406,616,73284.0,234198.0
201406,620,80.0,422.711
201406,703,7859.0,28127.285
201406,705,2787.0,14764.753
201406,724,95473.8,198060.558
201406,757,28494.0,113273.994
201406,826,504092.0,710181.86
201406,842,0.0,19753841.0
201407,56,75888.0,159476.869
201407,203,117825.0,185396.0
201407,233,2007.0,4306.891
201407,246,30405.0,83978.355
201407,251,770876.0,1454525.91
201407,276,272588.0,828979.431
201407,372,29821.0,74279.016
201407,380,10800.0,24307.921
201407,442,11871.0,37358.163
201407,528,2906790.0,6982969.413
201407,616,191595.0,415586.0
201407,620,20536.0,40301.541
201407,703,162.0,421.063
201407,705,11395.0,41787.837
201407,724,131812.9,259257.147
201407,757,75055.0,194740.782
201407,826,665310.0,862924.726
201407,842,0.0,27125914.0
201408,56,6809.0,10063.7
201408,203,107631.0,254484.0
201408,233,2019.5,4277.499
201408,246,34341.0,111931.633
201408,251,357654.0,857510.452
201408,276,352027.0,976792.517
201408,372,43036.0,86538.021
201408,380,20304.0,45472.808
201408,442,10127.0,32500.361
201408,528,2426330.0,3310308.331
201408,616,206266.0,557827.0
201408,620,2160.0,5916.299
201408,703,14902.0,29399.065
201408,705,7697.99,25003.703
201408,724,89172.0,183146.173
201408,757,56547.0,164247.921
201408,826,677466.0,834323.28
201408,842,0.0,30319432.0
201409,56,39095.0,82019.256
201409,203,171024.0,283354.0
201409,233,1965.0,3827.598
201409,246,19623.0,49932.03
201409,251,714506.0,1420587.164
201409,276,358009.0,805088.195
201409,372,51831.0,94141.177
201409,380,5400.0,11141.304
201409,442,8020.0,23937.806
201409,528,3059862.0,5831820.934
201409,616,121239.0,263804.0
201409,620,12874.0,27793.914
201409,703,8614.0,19841.738
201409,705,5483.48,16353.098
201409,724,59570.5,130346.337
201409,757,38650.0,98618.66
201409,826,995138.0,1224166.649
201409,842,0.0,25479691.0
201410,203,103323.0,99741.0
201410,233,115.7,289.832
201410,246,28469.0,45810.36
201410,251,646510.0,1086942.933
201410,276,333409.0,650254.165
201410,372,62193.0,97014.35
201410,442,6888.0,13409.301
201410,528,2412960.0,3047834.956
201410,616,206605.0,202617.0
201410,620,19816.0,25343.465
201410,703,12847.0,19638.081
201410,705,5230.2,9170.629
201410,724,57100.0,96534.056
201410,757,49320.0,81595.109
201410,826,974834.0,1161969.425
201410,842,0.0,28686614.0
201411,203,55785.0,133353.0
201411,233,4423.3,14233.795
201411,246,35860.0,107235.503
201411,251,709085.0,1157623.602
201411,276,304525.0,708081.586
201411,372,57603.0,104598.922
201411,380,20700.0,60923.226
201411,442,8849.0,20935.796
201411,528,1342840.0,1682204.652
201411,616,90824.0,274488.0
201411,620,3684.0,8073.126
201411,703,17553.0,34258.09
201411,724,162756.9,289704.044
201411,757,91979.0,258073.609
201411,826,482038.0,509946.811
201411,842,0.0,22921525.0
201412,56,59628.0,122212.504
201412,203,96517.0,241337.0
201412,233,5932.5,22129.583
201412,246,34505.0,145304.805
201412,251,743713.0,1797639.075
201412,276,409662.0,1223738.305
201412,372,56902.0,139215.757
201412,380,24210.0,62079.186
201412,442,12299.0,41257.06
201412,528,2646320.0,7348589.163
201412,616,119875.0,397107.0
201412,620,32888.0,79316.691
201412,703,15990.0,42160.922
201412,705,5866.75,25023.211
201412,724,236250.0,342822.294
201412,757,88265.0,304876.126
201412,826,608440.0,818900.688
201412,842,0.0,21572261.0
201501,203,44107.0,94588.0
201501,233,2780.0,7031.136
201501,246,19412.0,65916.636
201501,251,329183.0,631673.4
201501,276,351100.0,763864.599
201501,372,39427.0,74592.875
201501,380,3240.0,7196.885
201501,442,6792.0,15352.178
201501,528,874954.0,2328389.37
201501,616,71507.0,154497.0
201501,703,9235.0,16277.535
201501,705,2776.9,8724.539
201501,724,82418.0,185446.094
201501,757,25052.0,68186.558
201501,826,402529.0,751110.05
201501,842,0.0,25233176.0
201502,203,16163.0,27038.0
201502,233,2426.6,3449.492
201502,246,4403.0,12529.265
201502,251,243290.0,509601.38
201502,276,139138.0,261766.185
201502,372,21466.0,35718.45
201502,442,8705.0,19122.48
201502,528,543225.0,707488.63
201502,616,45561.0,80164.0
201502,703,10386.0,14195.445
201502,705,1003.65,3073.278
201502,724,94417.0,126491.46
201502,757,14774.0,37684.417
201502,826,189684.0,211194.572
201502,842,0.0,22737493.0
201503,203,19666.0,22802.0
201503,233,4241.0,8260.398
201503,246,1854.0,4291.848
201503,251,280243.0,619507.667
201503,276,51972.0,118780.145
201503,372,26088.0,43269.631
201503,442,7895.0,14687.723
201503,528,490651.0,624045.537
201503,616,32598.0,54848.0
201503,703,10370.0,13175.757
201503,705,1857.3,4630.854
201503,724,37752.26,43518.645
201503,757,7441.0,17946.514
201503,826,5850.0,26717.507
201503,842,0.0,42966788.0
201504,203,39282.0,53344.0
201504,233,4316.0,6714.347
201504,246,4814.0,11488.258
201504,251,201159.0,562548.465
201504,276,42858.0,94310.861
201504,372,28542.0,40999.004
201504,380,4332.0,10615.159
201504,442,9511.0,20341.266
201504,528,185090.0,263126.169
201504,616,21826.0,47086.0
201504,703,6218.0,8473.372
201504,705,472.0,1497.105
201504,724,4490.0,11213.879
201504,757,4224.0,19378.997
201504,826,4095.0,15601.157
201504,842,0.0,35178870.0
201505,56,28631.0,35435.135
201505,203,52509.0,75083.0
201505,233,3224.7,10562.729
201505,246,3114.0,11480.04
201505,251,337867.0,734848.555
201505,276,147202.0,346042.48
201505,372,19203.0,43747.025
201505,380,36044.0,95546.58
201505,442,5542.0,21096.101
201505,528,1253630.0,2551468.995
201505,616,62534.0,193780.0
201505,703,12171.0,38936.915
201505,705,1527.0,5793.439
201505,724,90633.54,213350.355
201505,757,18499.0,67765.332
201505,826,408076.0,671190.374
201505,842,0.0,25482011.0
201506,203,176052.0,175511.0
201506,233,4521.2,9788.949
201506,246,16076.0,30574.487
201506,251,584257.0,1123285.822
201506,276,212929.0,431236.282
201506,372,63718.0,115478.202
201506,380,47304.0,79773.767
201506,442,8587.0,23187.643
201506,528,2659370.0,4808337.355
201506,616,144247.0,244578.0
201506,703,44385.0,82184.562
201506,705,6441.9,18089.572
201506,724,102460.0,184759.483
201506,757,83952.0,159331.514
201506,826,1157698.0,1401416.836
201506,842,0.0,20278039.0
201507,203,228166.0,225863.0
201507,233,12546.8,21974.077
201507,246,32191.0,61207.035
201507,251,675212.0,1092848.456
201507,276,463369.0,854121.997
201507,372,78944.0,141240.321
201507,380,99370.0,121443.123
201507,442,17080.0,36946.703
201507,528,3076575.0,3712319.974
201507,616,209026.0,348890.0
201507,703,33883.0,58500.919
201507,705,12697.61,31393.344
201507,724,185170.6,297529.218
201507,757,124038.0,240970.361
201507,826,1007482.0,1048911.02
201507,842,0.0,23646330.0
201508,203,199173.0,195916.0
201508,233,8671.5,19232.152
201508,246,19127.0,38602.204
201508,251,136900.0,307447.539
201508,276,396464.0,839492.963
201508,372,78893.0,144733.483
201508,380,166066.0,253870.063
201508,442,15730.0,35523.931
201508,528,3323598.0,4958226.211
201508,616,284108.0,422330.0
201508,703,21093.0,45029.407
201508,705,12389.91,31859.902
201508,724,160127.0,277384.102
201508,757,56529.0,167197.214
201508,826,1255561.0,1462414.738
201508,842,0.0,38351736.0
201509,203,85373.0,100971.0
201509,233,6061.5,11573.115
201509,246,13864.0,24650.293
201509,251,438963.0,731557.583
201509,276,484505.0,847314.542
201509,372,71225.0,109257.755
201509,380,66272.0,90353.736
201509,442,5714.0,14810.968
201509,528,1834972.0,2621666.585
201509,616,102410.0,145290.0
201509,703,12251.0,23927.66
201509,705,6645.885,13971.918
201509,724,328875.0,559761.38
201509,757,34193.0,80255.094
201509,826,1096255.0,1169750.43
201509,842,0.0,33756276.0
201510,203,111582.0,129496.0
201510,233,10351.9,15756.638
201510,246,21220.0,41809.929
201510,251,519769.0,787034.22
201510,276,273027.0,561593.834
201510,372,51366.0,87979.038
201510,442,9447.0,20008.569
201510,528,2966730.0,3336372.564
201510,616,166897.0,235469.0
201510,703,15565.0,29981.721
201510,705,5605.8,10333.271
201510,724,183596.5,251211.05
201510,757,51295.0,111271.748
201510,826,1311635.0,1350121.346
201510,842,0.0,28726235.0
201511,203,70033.0,80721.0
201511,233,11691.7,20724.238
201511,246,29506.0,59979.885
201511,251,697252.0,1092395.515
201511,276,298825.0,519903.683
201511,372,59207.0,96119.408
201511,442,6495.0,13819.35
201511,528,3221370.0,3999482.08
201511,616,259733.0,288973.0
201511,703,14599.0,21800.522
201511,705,4778.44,9887.822
201511,724,196101.0,268446.111
201511,757,66148.0,140165.635
201511,826,1028328.0,1055977.209
201511,842,0.0,23153251.0
201512,56,32352.0,61797.088
201512,203,114656.0,94830.0
201512,233,13901.5,19294.058
201512,246,17853.0,30974.433
201512,251,893036.0,1510296.467
201512,276,479624.0,791727.041
201512,372,97327.0,152335.648
201512,380,116774.0,170133.683
201512,442,11738.0,27330.823
201512,528,3345840.0,4858233.804
201512,616,215141.0,284502.0
201512,703,9967.0,16300.272
201512,705,8744.39,16623.784
201512,724,251646.2,394951.81
201512,757,87685.0,170944.095
201512,826,929320.0,990038.534
201512,842,0.0,21261374.0
201601,203,51722.0,37850.0
201601,246,10514.0,23236.056
201601,251,367041.0,553023.78
201601,276,293466.0,446154.864
201601,372,60869.0,89524.41
201601,380,23442.0,38857.08
201601,442,5687.0,12872.608
201601,528,1093780.0,1638592.638
201601,616,125602.0,125908.0
201601,703,8111.0,14104.968
201601,705,2812.05,4824.039
201601,724,47129.0,83711.269
201601,757,22824.0,55579.064
201601,826,242280.0,247082.025
201601,842,45921883.0,25313013.0
201602,203,30396.0,39884.0
201602,233,2908.1,5383.433
201602,246,12981.0,29796.907
201602,251,345177.0,569270.574
201602,276,121869.16,226651.067
201602,372,30680.0,49741.012
201602,380,26142.0,31699.357
201602,528,710294.0,838903.688
201602,616,45712.0,90622.0
201602,703,5208.0,9759.621
201602,705,1406.3,2338.117
201602,724,163108.0,258957.51
201602,757,13455.0,30675.102
201602,826,172704.0,231452.533
201602,842,39001366.0,26611513.0
201603,203,15695.0,28968.0
201603,233,4988.1,10858.686
201603,246,14692.0,34118.07
201603,251,290011.0,555233.1
201603,276,66220.0,151426.2
201603,372,54614.0,88401.51
201603,380,49584.0,65693.13
201603,528,846136.0,1126109.43
201603,616,60086.0,126166.0
201603,703,7216.0,12484.17
201603,705,1690.2,3995.974
201603,724,69989.0,134993.616
201603,757,7594.0,21019.437
201603,826,105624.0,144436.164
201603,842,36006170.0,30010469.0
201604,203,17084.0,29169.0
201604,233,2618.5,6068.746
201604,246,12306.0,29849.917
201604,251,200956.0,453776.575
201604,276,44216.0,115762.119
201604,372,12643.0,24158.873
201604,380,7776.0,20606.365
201604,442,10068.0,25859.179
201604,528,400862.0,640977.795
201604,616,35700.0,95614.0
201604,703,6588.0,13522.891
201604,724,41515.0,101250.376
201604,757,2897.0,9940.316
201604,826,7920.0,33786.338
201604,842,38763324.0,53085253.0
201605,56,27520.0,48229.787
201605,203,51562.0,64823.0
201605,233,3991.4,16503.993
201605,246,1913.0,9288.593
201605,251,221842.0,685671.689
201605,276,73217.0,247757.275
201605,372,7212.0,15998.278
201605,380,65196.0,202396.772
201605,442,15013.0,48868.542
201605,528,592116.0,1539844.476
201605,616,45689.0,201044.0
201605,703,9074.0,27682.541
201605,724,60113.5,216909.441
201605,757,9619.0,35723.102
201605,826,171380.0,424612.119
201605,842,43439296.0,51895028.0
201606,203,128160.0,200131.0
201606,233,6836.0,19931.249
201606,246,22190.0,75348.836
201606,251,357800.0,981807.615
201606,276,276761.0,850546.22
201606,372,43631.0,92576.368
201606,380,109940.0,333556.322
201606,442,11295.0,46074.979
201606,528,2552480.0,6957263.82
201606,616,120838.0,402618.0
201606,703,11786.0,39231.88
201606,724,112865.1,289865.99
201606,757,49096.0,149006.275
201606,826,561775.0,1079509.844
201606,842,54885546.0,35934771.0
201607,203,205079.0,180243.0
201607,233,2743.9,9131.814
201607,246,36287.0,72309.349
201607,251,685460.0,1570699.955
201607,276,428464.0,1078446.029
201607,372,70301.0,112094.656
201607,380,210802.0,541303.986
201607,442,12281.0,32646.776
201607,528,3910210.0,9597890.052
201607,616,190876.0,437170.0
201607,703,24877.0,49472.895
201607,724,291571.0,594261.525
201607,757,64718.0,187714.633
201607,826,1233982.0,1522159.072
201607,842,51378844.0,25799116.0
201608,203,114308.0,114939.0
201608,233,1739.0,3017.71
201608,246,36239.0,65508.352
201608,251,128100.0,304887.916
201608,276,534438.0,1047957.61
201608,372,96775.0,150505.403
201608,380,194316.0,333749.846
201608,442,12481.0,27127.636
201608,528,3570240.0,5654453.779
201608,616,210219.0,352490.0
201608,703,13672.0,22958.812
201608,724,333652.0,596627.587
201608,757,107362.0,211308.358
201608,826,1156700.0,1135715.484
201608,842,63983287.0,42721624.0
201609,203,75736.0,168308.0
201609,233,10220.3,25186.076
201609,246,38095.0,85617.074
201609,251,724917.0,1346862.803
201609,276,540303.0,1251111.202
201609,372,103205.0,181555.916
201609,380,53514.0,80654.643
201609,442,14437.0,38087.063
201609,528,3214460.0,4870795.524
201609,616,147077.0,362233.0
201609,703,2098.0,6959.288
201609,724,373785.2,736379.729
201609,757,80533.0,221856.29
201609,826,1470305.0,1672053.724
201609,842,69244320.0,51261308.0
201610,203,82266.0,96646.0
201610,233,10200.0,16193.886
201610,246,48941.0,80175.559
201610,251,627438.0,1142022.36
201610,276,237255.0,473846.76
201610,372,40807.0,64937.627
201610,380,50274.0,75337.35
201610,442,9441.0,19656.932
201610,528,3455300.0,5293817.454
201610,616,75718.0,179714.0
201610,703,5998.0,11321.497
201610,724,124331.0,212605.03
201610,757,41672.0,77928.6
201610,826,1468376.0,1710044.905
201610,842,62116245.0,36708140.0
201611,203,62208.0,78366.0
201611,233,9167.8,10933.448
201611,246,38885.0,61301.603
201611,251,604660.0,893452.025
201611,276,328836.0,479966.955
201611,372,55595.0,76778.73
201611,442,8044.0,13500.694
201611,528,2989780.0,3135959.407
201611,616,189284.0,200007.0
201611,703,5665.0,7842.234
201611,724,207017.83,275339.641
201611,757,91193.0,137932.355
201611,826,1321164.0,1410090.42
201611,842,45537587.0,24706744.0
201612,56,31308.5,57903.548
201612,203,91664.0,128223.0
201612,233,14222.5,17927.212
201612,246,77627.0,123263.485
201612,251,1025010.0,1407317.595
201612,276,440195.0,708781.641
201612,372,56367.0,77461.53
201612,380,93550.0,95383.575
201612,442,21805.0,61465.69
201612,528,3176130.0,3275207.199
201612,616,157928.0,228224.0
201612,703,5413.0,8734.876
201612,724,129263.5,191645.983
201612,757,108361.0,194995.963
201612,826,1457194.0,1398978.457
201612,842,44636705.0,29804488.0
201701,233,7721.2,10440.673
201701,246,30917.0,56628.874
201701,251,454677.0,721828.421
201701,276,451533.0,904580.273
201701,372,40680.0,55761.71
201701,442,9069.0,18793.148
201701,528,1127490.0,1329528.745
201701,616,97823.0,138593.0
201701,703,6681.0,10834.771
201701,705,7894.5,14168.09
201701,724,95064.0,128959.399
201701,757,25097.0,57504.971
201701,826,392812.0,316309.609
201701,842,42704647.0,40207473.0
201702,203,50534.0,83895.0
201702,233,3531.8,5923.787
201702,246,21090.0,36387.353
201702,251,374257.0,706105.578
201702,276,192437.0,377402.909
201702,372,8132.0,8700.653
201702,442,7855.0,13841.285
201702,528,397920.0,480688.966
201702,616,49362.0,79634.0
201702,703,6199.0,8832.626
201702,705,2075.75,3759.82
201702,724,32159.0,56246.02
201702,757,3776.0,10519.011
201702,826,28980.0,46188.84
201702,842,37424272.0,37587633.0
201703,203,47006.0,119603.0
201703,233,5238.9,8447.454
201703,246,24179.0,56578.143
201703,251,259593.0,598911.346
201703,276,193331.0,494956.981
201703,372,5160.0,7464.541
201703,380,2106.0,2535.027
201703,442,7476.0,15900.349
201703,528,255190.0,294592.93
201703,616,22598.0,49335.0
201703,703,7115.0,11193.606
201703,705,1011.1,2032.69
201703,724,125768.0,153545.865
201703,757,1727.0,8080.537
201703,826,4680.0,17295.056
201703,842,44067030.0,45555823.0
201704,56,200.43,406.38
201704,203,85317.0,179955.0
201704,233,4437.9,11987.027
201704,246,13545.0,38689.656
201704,251,345793.0,748905.043
201704,276,179860.0,543416.977
201704,372,9267.0,28675.447
201704,380,3456.0,13164.343
201704,442,3763.0,12650.995
201704,528,785628.0,1118307.032
201704,616,47724.0,133041.0
201704,703,9828.0,18455.355
201704,705,2709.8,8693.9
201704,724,86700.0,184330.826
201704,757,6360.0,21706.093
201704,826,41046.0,70483.898
201704,842,48101673.0,37100535.0
201705,56,300.65,628.177
201705,203,99030.0,154842.0
201705,233,5700.7,12571.957
201705,246,12019.0,23271.457
201705,251,417413.0,814076.701
201705,276,367850.0,964086.839
201705,372,22741.0,34522.621
201705,380,73716.0,114848.38
201705,442,5195.0,13741.22
201705,528,2238880.0,3380085.35
201705,616,73808.0,117559.0
201705,703,8606.0,14059.611
201705,705,5502.84,8645.84
201705,724,93242.0,135897.571
201705,757,30851.0,59499.994
201705,826,172494.0,248282.615
201705,842,56597930.0,32762895.0
201706,203,113230.0,225266.0
201706,233,13317.7,22922.881
201706,246,28418.0,60104.345
201706,251,854063.469,1525608.996
201706,276,526338.0,1266831.076
201706,372,48796.0,76843.416
201706,380,189229.0,204695.367
201706,442,6787.5,18570.29
201706,528,3071250.0,3440793.549
201706,616,191469.0,414360.0
201706,703,7534.0,10404.791
201706,705,19850.45,45738.38
201706,724,183975.1,288353.477
201706,757,76714.0,213061.762
201706,826,1211880.0,1146484.306
201706,842,59986511.0,28739341.0
201707,203,92228.0,238612.0
201707,233,11174.5,32428.409
201707,246,22011.0,66205.181
201707,251,1065268.0,1784723.844
201707,276,512117.0,1569630.273
201707,372,51433.0,89518.682
201707,380,371176.0,696126.335
201707,442,5719.0,29863.763
201707,528,2828880.0,4719324.515
201707,616,171684.0,497432.0
201707,703,4194.0,11533.011
201707,705,18734.2,63670.1
201707,724,232302.0,456976.108
201707,757,64315.0,282344.204
201707,826,1495510.0,1487106.517
201707,842,68902270.0,38243331.0
201708,56,200.43,395.957
201708,203,95297.0,169729.0
201708,233,6928.9,12598.475
201708,246,12268.0,28077.576
201708,251,635915.0,1268599.484
201708,276,635335.0,1720723.784
201708,372,60651.0,94273.927
201708,380,117209.0,208520.502
201708,442,5032.0,27877.083
201708,528,3608490.0,6532034.053
201708,616,193451.0,415677.0
201708,703,4463.0,10691.722
201708,705,25170.05,44941.24
201708,724,166438.8,269565.758
201708,757,67172.0,192624.332
201708,826,2046021.0,2376984.87
201708,842,71494482.0,49713357.0
201709,203,99041.0,145710.0
201709,233,5104.7,8716.998
201709,246,23506.0,48631.374
201709,251,0.0,1170816.678
201709,276,465463.0,1091959.434
201709,372,51076.0,71100.911
201709,442,3699.0,21070.919
201709,528,2483200.0,3301718.448
201709,616,130823.0,231533.0
201709,703,4300.0,9108.628
201709,705,6125.07,12470.46
201709,724,183454.0,296891.445
201709,757,82506.0,215195.0
201709,826,1416650.0,1370467.763
201709,842,69089080.0,47274876.0
201710,56,683.33,1099.781
201710,203,60165.0,131714.0
201710,233,9555.0,20083.865
201710,246,44325.0,109751.198
201710,251,762066.0,1360399.71
201710,276,464203.0,1153197.564
201710,372,82012.0,130281.789
201710,380,19420.0,31094.488
201710,442,13414.0,41079.275
201710,528,2600340.0,3500521.032
201710,616,152492.0,340779.0
201710,703,4712.0,11108.197
201710,705,5930.77,13442.87
201710,724,108966.1,199033.006
201710,757,109411.0,298337.309
201710,826,1519956.0,1575161.391
201710,842,56313640.0,32595643.0
201711,56,10982.4,25519.492
201711,203,75773.0,227255.0
201711,233,7384.4,24061.494
201711,246,38205.0,117375.743
201711,251,885456.0,1948941.952
201711,276,565628.0,1724001.143
201711,372,101213.0,165962.408
201711,380,91138.0,232208.122
201711,442,13930.0,49033.517
201711,528,2913860.0,6215992.887
201711,616,125529.0,394054.0
201711,703,5686.0,15361.521
201711,705,7770.96,27701.6
201711,724,196562.0,449109.109
201711,757,121897.0,407953.364
201711,826,1627030.0,1864250.212
201711,842,45760580.0,30331317.0
201712,56,36029.4,77150.923
201712,203,156750.0,352281.0
201712,233,10164.1,25896.099
201712,246,50605.0,137983.989
201712,251,962915.0,1942155.924
201712,276,816239.0,2243726.117
201712,372,121266.0,195003.389
201712,380,129051.0,274376.93
201712,442,12887.0,52230.824
201712,528,2561980.0,6298603.793
201712,616,136777.0,344949.0
201712,703,3065.0,7428.205
201712,705,10290.63,27242.04
201712,724,526378.0,982303.499
201712,757,139671.0,404124.693
201712,826,1631820.0,2162095.279
201712,842,48158887.0,38380177.0
201801,56,3039.0,5559.605
201801,203,35870.0,81306.0
201801,233,6408.8,15064.912
201801,246,40183.0,113641.634
201801,251,1149949.823,1630422.974
201801,276,550635.0,1495791.675
201801,372,41029.0,55512.605
201801,380,17854.0,28972.593
201801,442,12740.0,45454.117
201801,528,1846890.0,4140668.894
201801,616,132427.0,304472.0
201801,703,4754.0,11024.688
201801,705,7011.05,16882.66
201801,724,115336.4,223397.244
201801,757,95383.0,281565.348
201801,826,533950.0,633579.407
201801,842,44841892.0,36599871.0
201802,203,31521.0,73189.0
201802,233,6799.5,13827.48
201802,246,16033.0,50560.942
201802,251,589808.181,836242.407
201802,276,238043.0,615176.039
201802,372,26774.0,45990.616
201802,442,9283.0,29889.492
201802,528,1151810.0,1904248.081
201802,616,50839.0,131744.0
201802,703,7837.0,18150.031
201802,705,1684.11,4659.45
201802,724,46396.0,99402.581
201802,757,69278.0,222099.307
201802,826,179819.0,141811.101
201802,842,39956780.0,45391494.0
201803,56,1547.81,3055.057
201803,203,40394.0,69873.0
201803,233,9660.4,15941.56
201803,246,8463.0,24515.134
201803,251,587617.97,833137.08
201803,276,234519.0,712282.975
201803,372,19784.0,32779.724
201803,442,10302.0,32840.171
201803,528,661172.0,983765.509
201803,616,53116.0,107006.0
201803,703,8296.0,15143.907
201803,705,475.5,1205.06
201803,724,97898.0,178169.137
201803,757,57862.0,185325.806
201803,826,24912.0,22971.248
201803,842,40408777.0,71176403.0
201804,56,16826.0,52603.491
201804,203,24874.0,49359.0
201804,233,6797.4,10466.536
201804,246,12221.0,43914.696
201804,251,244134.999,346139.721
201804,276,391678.0,1066762.592
201804,372,7199.0,12586.89
201804,380,13608.0,37409.569
201804,442,11911.0,35167.917
201804,528,91652.0,164213.927
201804,616,16102.0,43674.0
201804,703,5138.0,8651.109
201804,705,192.1,626.33
201804,724,24252.0,58006.831
201804,757,9537.0,30545.615
201804,826,5013.0,17109.564
201804,842,43151097.0,60358762.0
201805,56,14678.3,41869.76
201805,203,23348.0,61671.0
201805,233,8121.5,25050.049
201805,246,5450.0,21544.782
201805,251,584661.746,828945.683
201805,276,301700.0,1029598.853
201805,372,17571.0,15221.24
201805,380,47304.0,149735.371
201805,442,17560.0,72782.236
201805,528,1200680.0,2273618.03
201805,616,76797.0,278942.0
201805,703,13711.0,29841.237
201805,705,2651.85,9084.53
201805,724,234055.8,434129.385
201805,757,21351.0,95266.76
201805,826,336558.0,440887.555
201805,842,60174029.0,50840511.0
201806,56,18843.2,37603.218
201806,203,40813.0,105590.0
201806,233,13514.0,31668.413
201806,246,43257.0,141514.555
201806,251,847973.975,1202275.284
201806,276,423757.0,1459760.558
201806,372,152816.0,265711.461
201806,380,59149.0,132606.983
201806,442,14773.0,54630.959
201806,528,4404040.0,8829222.84
201806,616,206368.0,506493.0
201806,703,30811.0,65370.396
201806,705,7961.97,22668.98
201806,724,279990.0,501918.049
201806,752,1000.0,2158.514
201806,757,87590.0,298675.427
201806,826,1229213.0,1540094.148
201806,842,56358062.0,29992461.0
201807,56,3805.11,6500.982
201807,203,67770.0,108400.0
201807,233,11446.8,14661.769
201807,246,58885.0,131834.016
201807,251,1288602.604,1827007.794
201807,276,1005246.0,2613568.437
201807,372,253906.0,253194.712
201807,380,44309.0,58988.396
201807,442,12014.9,35711.579
201807,528,6160334.0,10834960.945
201807,616,250507.0,384805.0
201807,703,41619.0,63192.922
201807,705,16498.57,33933.02
201807,724,641496.0,885751.165
201807,757,74846.0,207428.59
201807,826,2285780.0,2461538.124
201807,842,60634657.0,33261651.0
201808,56,6245.94,11398.8
201808,203,129973.0,174102.0
201808,233,13398.4,18302.864
201808,246,22575.0,51759.728
201808,251,880004.393,1247688.682
201808,276,1150742.0,2647006.618
201808,372,225325.0,214964.257
201808,442,12571.5,44706.255
201808,528,3633780.0,3840052.298
201808,616,347073.0,476554.0
201808,703,46987.0,53837.787
201808,705,14052.5,25728.88
201808,724,396995.0,706574.935
201808,757,98479.0,256558.266
201808,826,1690784.0,1660761.026
201808,842,74343512.0,58547423.0
201809,56,1075.65,1786.906
201809,203,76997.0,141189.0
201809,233,9255.9,13362.273
201809,246,19925.0,49099.133
201809,251,745039.181,1056332.174
201809,276,867661.0,1803105.395
201809,372,156300.0,210197.034
201809,442,5298.0,9353.775
201809,528,3739150.0,4529481.897
201809,616,201841.0,336372.0
201809,620,21600.0,30194.579
201809,703,9961.0,17708.399
201809,705,4160.93,9185.69
201809,724,317474.0,477226.756
201809,757,92773.0,250873.125
201809,826,885684.0,941712.686
201809,842,62071510.0,43191293.0
201810,56,4376.96,7791.274
201810,203,93741.0,134012.0
201810,233,10336.7,15028.757
201810,246,29862.0,67522.036
201810,251,797286.0,1194836.172
201810,276,672072.0,1431240.237
201810,372,117152.0,152123.823
201810,380,50274.0,52652.902
201810,442,18900.6,68288.552
201810,528,4035880.0,4431512.84
201810,616,270809.0,433486.0
201810,703,2979.0,5012.648
201810,705,7631.04,13968.7
201810,724,479748.0,624442.162
201810,757,97760.0,251232.126
201810,826,1242019.0,1189038.131
201810,842,57723819.0,35487807.0
201811,56,1798.47,2983.721
201811,203,124118.0,191696.0
201811,233,13220.7,20947.603
201811,246,33054.0,72408.337
201811,251,918514.968,1302289.783
201811,276,508057.0,1172076.719
201811,372,130118.0,159560.024
201811,380,50274.0,61022.988
201811,442,10758.0,24721.943
201811,528,4040690.0,4738939.416
201811,616,146546.0,266040.0
201811,703,3016.0,4660.413
201811,705,7860.4,13721.11
201811,724,369472.0,467089.375
201811,757,95050.0,242566.434
201811,826,1081410.0,1137087.433
201811,842,52356251.0,28777528.0
201812,56,44832.0,76764.457
201812,203,73239.0,143907.0
201812,233,13772.7,25835.007
201812,246,10732.0,28619.548
201812,251,1217368.369,1726010.401
201812,276,566008.0,1403855.24
201812,372,124079.0,132300.458
201812,380,25137.0,36153.974
201812,442,11898.3,29156.373
201812,528,3703870.0,5007765.984
201812,616,143689.0,293899.0
201812,703,2107.0,4438.703
201812,705,10912.96,19620.68
201812,724,227693.4,352608.407
201812,757,75130.0,190862.688
201812,826,940052.0,1044337.481
201812,842,50438234.0,27298435.0
201901,56,699.09,1164.851
201901,203,52042.0,69813.0
201901,233,10407.5,13432.206
201901,246,10866.0,27312.619
201901,251,457294.0,708182.745
201901,276,466056.0,1106080.024
201901,372,54604.0,76878.105
201901,380,25137.0,36256.235
201901,442,10254.0,45337.989
201901,528,1327060.0,1678340.134
201901,616,105779.0,155835.0
201901,703,1556.0,3068.731
201901,705,3473.5,5688.561
201901,724,267014.0,343841.035
201901,757,29021.0,60470.335
201901,826,413268.0,513869.317
201901,842,54244382.0,35873542.0
201902,56,909.71,1406.657
201902,203,36598.0,64262.0
201902,233,11138.5,11893.12
201902,246,3995.0,8262.502
201902,251,241481.0,400365.277
201902,276,250043.0,638833.641
201902,372,23153.0,27909.073
201902,442,8212.0,27094.06
201902,528,1037400.0,1150862.45
201902,616,59157.0,89918.0
201902,703,2497.0,5394.066
201902,705,3761.7,4942.889
201902,724,87641.977,124876.567
201902,757,17906.0,35037.729
201902,826,149356.0,168157.001
201902,842,41796057.0,31922665.0
201903,56,19552.0,43509.874
201903,203,4583.0,4974.0
201903,233,13180.2,20941.976
201903,246,8340.0,17873.41
201903,251,160291.0,395303.675
201903,276,139897.0,248891.809
201903,372,19490.0,28278.28
201903,442,10956.0,30887.974
201903,528,281084.0,360583.101
201903,616,31874.0,70254.0
201903,703,1738.0,3284.44
201903,705,2075.16,3946.152
201903,724,111595.6,126290.141
201903,757,19964.0,50345.353
201903,826,76572.0,105693.989
201903,842,48372961.0,59012183.0
201904,56,38280.0,134963.566
201904,203,1406.0,3633.0
201904,233,12832.0,29722.547
201904,246,12645.0,34861.338
201904,251,139380.0,362697.938
201904,276,192840.0,588149.797
201904,372,24257.0,43861.836
201904,442,13170.0,43795.532
201904,528,404764.0,712426.123
201904,616,41966.0,139327.0
201904,703,2150.0,3601.773
201904,705,97.5,303.894
201904,724,27656.0,73977.678
201904,757,6713.0,21435.0
201904,826,1539.0,3649.356
201904,842,48639148.0,54322149.0
201905,56,19440.0,50769.728
201905,203,48.0,169.0
201905,233,10446.0,21618.582
201905,246,6463.0,22232.728
201905,251,295250.0,684350.39
201905,276,269006.0,663250.661
201905,372,30573.0,52638.036
201905,442,13967.0,38543.395
201905,528,1286960.0,2060692.482
201905,616,86258.0,211547.0
201905,705,1248.45,3035.611
201905,724,53210.0,98929.298
201905,757,13281.0,41091.0
201905,826,96030.0,165789.662
201905,842,60668245.0,46402209.0
201906,56,46766.1,59654.178
201906,203,9597.0,12134.0
201906,233,6877.9,8691.852
201906,246,16163.0,48313.165
201906,251,497856.0,936405.813
201906,276,447892.0,1133275.75
201906,372,42749.0,65683.544
201906,380,50274.0,64231.213
201906,442,16327.0,46953.44
201906,528,3004240.0,3760795.935
201906,616,272587.0,392000.0
201906,703,2271.0,3034.537
201906,705,2609.1,5139.485
201906,724,52386.0,93962.827
201906,757,27945.0,48256.561
201906,826,1071870.0,1365698.536
201906,842,61070541.0,33427563.0
201907,56,44499.4,48018.086
201907,203,28326.0,34831.0
201907,233,2756.7,4399.516
201907,246,5874.0,18963.566
201907,251,525990.0,922894.315
201907,276,671969.0,1514580.25
201907,372,75983.0,112796.424
201907,380,71791.0,85679.332
201907,442,10333.0,21955.993
201907,528,3090660.0,3466586.841
201907,616,247968.0,400495.0
201907,703,3098.0,3504.625
201907,705,11274.06,19169.948
201907,724,299564.0,376079.551
201907,757,64317.0,129149.323
201907,826,1264663.0,1280751.964
201907,842,62450560.0,37221243.0
201908,56,64833.8,77507.009
201908,203,35132.0,64868.0
201908,233,13348.0,22121.393
201908,246,1164.0,4034.371
201908,251,651111.0,1091900.397
201908,276,708681.0,1756924.065
201908,372,62099.0,91448.71
201908,380,96928.0,111678.421
201908,442,17456.0,68962.599
201908,528,3903390.0,4323361.471
201908,616,233359.0,456078.0
201908,703,15095.0,26669.573
201908,705,9697.2,21048.62
201908,724,258912.0,369827.251
201908,757,59286.0,145565.562
201908,826,1103827.0,1139375.95
201908,842,68246378.0,53159840.0
201909,56,21634.3,28330.619
201909,203,19364.0,94960.0
201909,233,3840.0,5848.353
201909,246,8252.0,19867.541
201909,251,337205.0,658465.673
201909,276,385419.0,939479.97
201909,372,50061.0,71361.392
201909,380,75411.0,94919.641
201909,442,7994.0,30589.026
201909,528,2314782.0,2964463.865
201909,616,121840.0,237423.0
201909,703,17793.0,30442.289
201909,705,5210.9,9689.16
201909,724,406472.6,517077.586
201909,757,35760.0,97272.566
201909,826,644847.0,799184.727
201909,842,64140978.0,61720982.0
201910,56,28809.06,70374.255
201910,203,11983.0,25042.0
201910,233,2898.6,8328.222
201910,246,19999.0,51594.502
201910,251,303772.0,624428.205
201910,276,311895.0,755972.578
201910,372,50580.0,91726.384
201910,380,22491.0,27264.48
201910,442,7230.0,19854.903
201910,528,1586180.0,2137663.195
201910,616,81677.0,203658.0
201910,703,7512.0,14707.655
201910,705,6574.36,14847.73
201910,724,132472.0,192904.063
201910,757,20512.0,60289.565
201910,826,483796.0,588175.271
201910,842,66220275.0,46352930.0
201911,56,8640.0,26563.169
201911,203,39111.0,123367.0
201911,233,6212.4,17701.412
201911,246,18197.0,64795.035
201911,251,372650.0,822127.69
201911,276,369671.0,1095539.244
201911,372,56313.0,102515.243
201911,380,27549.0,52576.0
201911,442,7959.0,51777.679
201911,528,3214750.0,5142728.662
201911,616,117011.0,356098.0
201911,703,6451.0,18372.204
201911,705,4481.16,16339.361
201911,724,228237.38,448651.518
201911,757,34641.0,107673.679
201911,826,988641.0,1203937.422
201911,842,57579755.0,43088432.0
201912,56,38080.0,79298.978
201912,203,44651.0,104488.0
201912,246,27364.0,78645.44
201912,251,465881.0,963699.483
201912,276,466688.0,1307531.844
201912,372,68776.0,115158.68
201912,380,47043.0,80608.076
201912,442,6142.116,26471.571
201912,528,2944230.0,4654700.719
201912,616,181066.0,389501.0
201912,703,15178.0,30553.097
201912,705,7707.94,20150.14
201912,724,164648.2,282541.229
201912,757,23136.0,55044.259
201912,826,736311.0,927702.331
201912,842,53835923.0,40083320.0
202001,56,19040.0,39502.607
202001,203,22439.0,40376.0
202001,233,2989.34,4670.36
202001,246,20000.0,41035.811
202001,251,219071.0,417099.492
202001,276,339432.711,915029.612
202001,372,55668.0,68116.249
202001,442,11296.0,47344.434
202001,528,709571.0,1013596.072
202001,616,92534.0,176479.0
202001,703,1784.0,3592.078
202001,705,2500.34,5926.201
202001,724,23274.6,104348.967
202001,757,14033.0,30784.318
202001,826,351808.0,541139.012
202001,842,59725795.0,40784065.0
202002,56,38080.0,59810.305
202002,203,22296.0,37952.0
202002,233,3285.2,4779.87
202002,246,17334.0,32533.977
202002,251,157956.0,274059.008
202002,276,205782.738,454565.11
202002,372,17537.0,25381.388
202002,442,6511.0,13556.562
202002,528,827294.0,977792.463
202002,616,82651.0,147393.0
202002,703,9243.0,13395.702
202002,705,361.41,1231.879
202002,724,134132.0,142826.962
202002,757,3036.0,7429.326
202002,826,64482.0,69427.57
202002,842,45123556.0,28498906.0
202003,203,14729.0,24439.0
202003,233,3514.6,4440.23
202003,246,22381.0,42265.545
202003,251,133714.0,311259.055
202003,276,205954.0,513578.939
202003,372,39299.0,52737.063
202003,442,10077.0,48061.666
202003,528,1061030.0,1153170.202
202003,616,139399.0,217249.0
202003,703,9255.0,13619.056
202003,705,901.89,1284.303
202003,724,15546.0,36415.402
202003,757,12634.0,28290.305
202003,826,182442.0,196152.543
202003,842,58292942.0,48667276.0
202004,203,18935.0,28524.0
202004,233,2771.5,2704.22
202004,246,23129.0,43090.243
202004,251,191274.0,361780.562
202004,276,187548.0,469652.263
202004,372,25608.0,37110.768
202004,442,6561.0,37922.151
202004,528,318582.0,440778.074
202004,616,63004.0,109708.0
202004,703,10005.0,14666.824
202004,705,786.65,1520.595
202004,724,5064.0,9034.537
202004,757,9552.0,19033.494
202004,826,104500.0,109674.056
202004,842,48255891.0,33808454.0
202005,56,5817.28,17001.806
202005,203,12569.0,37201.0
202005,233,4301.2,12580.59
202005,246,13402.0,37500.184
202005,251,181851.0,499914.143
202005,276,231840.0,610602.807
202005,372,29995.0,41608.001
202005,380,30897.0,42820.286
202005,442,6029.0,28392.778
202005,528,1305876.0,1665486.526
202005,616,117931.0,323262.0
202005,703,6856.0,32619.425
202005,705,764.4,2593.548
202005,724,34446.0,64279.401
202005,757,13937.0,48766.127
202005,826,215662.0,429822.448
202005,842,68277302.0,42640439.0
202006,56,57.28,75.597
202006,203,42997.0,81559.0
202006,233,8502.42,11676.58
202006,246,10068.0,29233.798
202006,251,299280.0,586953.926
202006,276,407290.0,1056128.559
202006,372,14646.0,20077.063
202006,380,25137.0,33558.936
202006,442,10931.0,50025.223
202006,528,3344350.0,4495903.706
202006,616,252751.0,401061.0
202006,703,33223.0,84411.683
202006,705,3749.15,7829.889
202006,724,189698.6,297773.717
202006,757,30444.0,88697.342
202006,826,779440.0,931539.5
202006,842,65723387.0,36029277.0
202007,56,1256.53,1627.813
202007,203,104002.0,157318.0
202007,233,20050.3,18150.47
202007,246,11660.0,22580.586
202007,251,476852.0,816528.192
202007,276,462606.0,1161765.416
202007,372,31417.0,39988.89
202007,380,43142.0,53764.445
202007,442,3650.0,25500.873
202007,528,2928160.0,3668704.36
202007,616,308397.0,421532.0
202007,703,39917.0,92840.86
202007,705,5634.73,12287.637
202007,724,155518.6,210539.395
202007,757,45693.0,134102.232
202007,826,726292.0,833710.419
202007,842,68437356.0,44650560.0
202008,56,1510.0,2421.127
202008,203,61318.0,168933.0
202008,233,2305.1,5553.39
202008,246,11558.0,28705.592
202008,251,456172.0,1060499.919
202008,276,410674.0,1222171.055
202008,372,13804.0,33749.089
202008,380,25137.0,32179.502
202008,442,7374.0,48383.003
202008,528,2030880.0,2713323.63
202008,616,236623.0,754518.0
202008,703,26043.0,74466.139
202008,705,3386.229,11175.424
202008,724,163077.2,267496.502
202008,757,23257.0,87372.562
202008,826,469777.0,486339.0
202008,842,76314390.0,66354064.0
202009,56,280.6,504.114
202009,203,34991.0,85052.0
202009,233,4535.0,9514.55
202009,246,3463.0,11035.337
202009,251,348773.0,706530.393
202009,276,373016.0,1057749.615
202009,372,17048.0,27935.04
202009,380,50274.0,84081.063
202009,442,7114.0,49002.181
202009,528,2302250.0,3595304.159
202009,616,79380.0,223735.0
202009,703,16058.0,51168.442
202009,705,1186.29,4910.904
202009,724,107246.8,205945.985
202009,757,9472.0,26018.356
202009,826,352378.0,546576.881
202009,842,71285510.0,54205893.0
202010,56,412.66,630.066
202010,203,20221.0,30219.0
202010,233,10021.28,13393.09
202010,246,1298.0,2767.167
202010,251,216498.0,404842.525
202010,276,261899.0,684817.491
202010,372,5384.0,9035.096
202010,380,50274.0,75820.384
202010,442,4424.0,29486.534
202010,528,2604940.0,3843580.072
202010,616,105785.0,153371.0
202010,703,8617.0,19569.175
202010,705,1883.8,4240.66
202010,724,82328.0,156468.992
202010,757,21278.0,39795.707
202010,826,797030.0,1093190.691
202010,842,70510300.0,44667786.0
202011,56,1396.39,2475.648
202011,203,12042.0,10811.0
202011,233,11047.1,12329.04
202011,246,2501.0,5029.924
202011,251,279315.0,471249.229
202011,276,284982.0,691478.063
202011,372,23613.0,33250.294
202011,380,25137.0,31078.039
202011,442,3630.0,24244.019
202011,528,2033470.0,2542372.512
202011,616,87434.0,126350.0
202011,703,8039.0,16713.938
202011,705,1381.5,2255.839
202011,724,69882.0,86615.215
202011,757,21912.0,37327.19
202011,826,713980.0,924459.599
202011,842,59238200.0,41199697.0
202012,203,36611.0,60225.0
202012,233,7638.83,12221.23
202012,246,4048.0,5996.026
202012,251,304288.0,600847.422
202012,276,258846.0,731813.164
202012,372,19254.0,28098.69
202012,442,5036.0,33996.579
202012,528,785675.0,1059294.676
202012,616,74692.0,140544.0
202012,703,11480.0,25338.589
202012,705,2644.819,4811.373
202012,724,147643.0,118255.335
202012,757,14772.0,33478.311
202012,826,216354.0,287420.577
202012,842,52592568.0,31575610.0
202101,203,12229.0,28748.0
202101,233,5545.8,12402.31
202101,246,2062.0,8240.883
202101,251,187861.0,350766.331
202101,276,203459.0,612214.445
202101,372,2094.0,3286.13
202101,442,6145.0,41021.12
202101,528,580872.0,945474.226
202101,616,32814.0,91310.0
202101,703,11248.0,31182.935
202101,705,780.8,2118.886
202101,724,34051.0,60756.761
202101,757,4228.0,14355.823
202101,826,46850.0,34034.09
202101,842,56195221.0,41923374.0
202102,203,13090.0,30025.0
202102,233,8098.8,13734.35
202102,246,679.0,2059.063
202102,251,87868.0,246526.167
202102,276,196605.0,596511.155
202102,372,668.0,1519.496
202102,442,4007.0,21694.4
202102,528,364571.0,703166.242
202102,616,32946.0,84504.0
202102,703,8574.0,21460.465
202102,705,454.742,1111.245
202102,724,5040.0,18136.639
202102,757,1536.0,4071.557
202102,826,65242.0,79275.237
202102,842,44860262.0,47752969.0
202103,203,13109.0,28987.0
202103,233,5438.9,6825.89
202103,246,1850.0,4903.615
202103,251,67603.0,270143.78
202103,276,148138.0,462979.313
202103,372,879.0,1568.3
202103,442,4053.0,26521.882
202103,528,129284.0,313589.726
202103,616,38012.0,92850.0
202103,703,11589.0,25565.195
202103,705,222.037,559.247
202103,724,1080.0,5471.606
202103,757,1033.0,3854.093
202103,826,127942.0,164782.677
202103,842,48127368.0,74399443.0
202104,203,21138.0,38470.0
202104,233,6709.4,9000.95
202104,246,1531.0,4306.486
202104,251,69149.0,265086.702
202104,276,42276.0,85414.577
202104,372,903.0,1782.49
202104,442,5314.0,33831.829
202104,528,56051.0,69525.498
202104,616,22571.0,55838.0
202104,703,8919.0,19482.808
202104,705,72.0,257.147
202104,724,1800.0,10325.265
202104,757,29.0,1419.81
202104,826,63408.0,75459.834
202104,842,50991960.0,81504096.0
202105,203,12365.0,30677.0
202105,233,8661.6,13732.31
202105,246,1781.0,5322.335
202105,251,90624.0,329195.313
202105,276,25870.0,73262.883
202105,372,466.0,994.75
202105,442,5342.0,35217.196
202105,528,11802.0,33350.225
202105,616,22015.0,60012.0
202105,703,19160.0,43880.725
202105,705,17.245,73.056
202105,724,3600.0,17971.7
202105,757,22.0,496.234
202105,826,104500.0,120205.346
202105,842,57650397.0,67255159.0
202106,203,28414.0,101494.0
202106,233,1823.3,4941.72
202106,246,17839.0,54544.409
202106,251,110004.0,426744.101
202106,276,166204.0,608878.045
202106,372,2096.0,7252.349
202106,380,5760.0,14203.52
202106,442,7532.0,51011.768
202106,528,651244.0,1023983.451
202106,616,71994.0,253891.0
202106,703,26235.0,74304.047
202106,705,52.546,180.398
202106,724,36888.0,61365.917
202106,757,1409.0,11207.183
202106,826,213226.0,315781.13
202106,842,64304070.0,43739880.0
202107,56,2265.31,4396.712
202107,203,39255.0,114128.0
202107,233,11049.4,34381.87
202107,246,30916.0,96175.234
202107,251,173647.0,456864.8
202107,276,265941.0,923449.647
202107,372,2352.0,7350.808
202107,380,23499.0,37905.484
202107,442,4896.0,35540.659
202107,528,1990350.0,3396239.288
202107,616,248512.0,739964.0
202107,703,25069.0,76173.897
202107,705,1518.476,4767.354
202107,724,215241.0,325805.21
202107,757,17739.0,50673.21
202107,826,1067312.0,1430187.493
202107,842,69440804.0,47286423.0
202108,203,24569.0,60406.0
202108,233,5094.7,10230.9
202108,246,8250.0,26950.405
202108,251,186355.0,486111.343
202108,276,111664.0,353673.737
202108,372,7569.0,13398.686
202108,380,25137.0,46871.856
202108,442,6752.0,43642.845
202108,528,2463360.0,4237104.651
202108,616,198566.0,424546.0
202108,703,22681.0,72711.001
202108,705,686.638,1925.13
202108,724,120145.0,194549.102
202108,757,12969.0,25864.539
202108,826,786171.0,1097848.474
202108,842,76936700.0,71221359.0
202109,56,186.53,289.256
202109,203,45795.0,67321.0
202109,233,5914.54,7529.32
202109,246,11146.0,37530.842
202109,251,185405.0,423928.016
202109,276,417804.0,1332747.448
202109,372,13078.0,19016.129
202109,380,25137.0,38980.946
202109,442,6093.0,29194.372
202109,528,1377670.0,2120021.438
202109,616,130262.0,231015.0
202109,703,12125.0,36506.825
202109,705,1031.0,1637.801
202109,724,74766.0,141750.694
202109,757,18144.0,33166.003
202109,826,385014.0,543434.711
202109,842,71698980.0,58991572.0
202110,203,51876.0,38516.0
202110,233,2059.0,2939.51
202110,246,12083.0,39737.389
202110,251,204844.0,372616.209
202110,276,233330.0,665137.212
202110,372,3238.0,5117.413
202110,380,25137.0,34645.5
202110,442,2246.7,13624.407
202110,528,1023230.0,1373231.922
202110,616,87871.0,168450.0
202110,703,9236.0,26648.6
202110,705,594.9,1188.045
202110,724,31744.0,67183.556
202110,757,5255.0,11345.432
202110,826,584696.0,763908.345
202110,842,68051000.0,47155540.0
202111,56,373.05,483.202
202111,203,16934.0,27268.0
202111,233,2643.6,3571.43
202111,246,13313.0,42524.168
202111,251,248820.0,455387.311
202111,276,223421.299,610182.312
202111,372,3099.0,4874.939
202111,380,25137.0,25366.574
202111,442,4107.0,25218.557
202111,528,1782610.0,2089512.221
202111,616,133627.0,209787.0
202111,703,9463.0,23992.323
202111,705,316.1,591.682
202111,724,33384.0,60827.959
202111,757,23751.0,41330.382
202111,826,448117.0,585129.488
202111,842,57229090.0,44241814.0
202112,203,65150.0,134693.0
202112,233,5820.16,17583.24
202112,246,7362.0,24338.174
202112,251,183961.0,579254.427
202112,276,315188.0,1071929.791
202112,372,3840.0,10959.017
202112,380,11520.0,25889.053
202112,442,5245.6,33850.511
202112,528,1092848.0,1233960.472
202112,616,117824.0,268575.0
202112,703,39107.0,43233.577
202112,705,2165.779,5876.248
202112,724,96436.7,116469.96
202112,757,31341.0,77235.313
202112,826,274540.0,362133.307
202112,842,51563951.0,43174561.0
202201,203,12474.0,39407.0
202201,233,2628.76,7079.61
202201,246,6872.0,22907.288
202201,251,84322.0,248172.85
202201,276,151155.0,522946.034
202201,372,1805.0,4581.231
202201,442,4294.0,25152.59
202201,528,211678.0,430370.99
202201,616,34803.0,99248.0
202201,703,10150.0,35455.042
202201,705,418.31,1613.078
202201,724,48365.0,99079.747
202201,757,2383.0,5694.039
202201,826,68771.0,84177.484
202201,842,63367004.369,81681988.0
202202,203,12220.0,29017.0
202202,233,3166.9,6063.8
202202,246,656.0,2139.082
202202,251,72936.0,193161.631
202202,276,131251.0,465427.343
202202,372,1376.0,2661.944
202202,442,2902.0,16395.953
202202,528,177548.0,467803.471
202202,616,29187.0,65993.0
202202,703,8529.0,23364.314
202202,705,135.522,342.458
202202,724,7785.0,19434.663
202202,757,1088.0,2260.505
202202,826,89174.0,110375.63
202202,842,58002396.528,74766846.0
202203,203,11724.0,33181.0
202203,233,3423.86,7102.74
202203,251,38698.0,198413.942
202203,276,122005.0,395195.977
202203,372,2360.0,5563.471
202203,442,4065.0,23399.856
202203,528,24268.0,24138.126
202203,616,16567.0,47901.0
202203,703,12725.0,33691.561
202203,705,25.877,87.093
202203,724,2160.0,14758.823
202203,757,1.0,4.304
202203,826,45067.0,64319.112
202203,842,75138243.666,96855472.0
202204,203,15854.0,42680.0
202204,233,3691.0,8364.07
202204,251,29934.0,157293.614
202204,276,99127.0,402754.524
202204,372,1542.0,4081.909
202204,442,3241.0,18542.298
202204,616,18729.0,53603.0
202204,703,12559.0,37425.256
202204,705,175.8,484.827
202204,724,1440.0,10258.305
202204,757,1080.0,2161.223
202204,842,76791933.278,98987128.0
202205,56,9216.0,27108.655
202205,203,16822.0,39644.0
202205,233,2595.9,5053.56
202205,246,1417.0,2956.691
202205,251,53239.0,271760.607
202205,276,136161.0,493291.323
202205,372,1860.0,3753.252
202205,442,5259.0,30706.931
202205,528,25680.0,43863.75
202205,616,31305.0,82213.0
202205,703,20686.0,53565.293
202205,705,286.57,707.82
202205,724,4320.0,25530.438
202205,842,39568583.77,51005103.0
202206,56,39776.0,91329.6
202206,203,25507.0,91799.0
202206,233,5227.1,12485.03
202206,246,2636.0,5907.349
202206,251,60501.0,265349.956
202206,276,195953.0,744269.963
202206,372,6080.0,10087.187
202206,442,5504.4,33096.675
202206,528,536793.0,903588.764
202206,616,78555.0,239479.0
202206,703,19944.0,67553.615
202206,705,164.096,497.08
202206,724,98532.0,143677.111
202206,757,10110.0,32363.194
202206,826,143340.0,164154.541
202206,842,36682710.544,47285125.0
202207,56,36320.0,82669.338
202207,203,25592.0,81971.0
202207,233,7486.5,19958.66
202207,246,1877.0,3776.374
202207,251,97274.0,351286.216
202207,276,487034.0,1068072.47
202207,372,3648.0,11152.008
202207,380,20672.0,38451.83
202207,442,5204.0,29804.851
202207,528,1381120.0,2241188.183
202207,616,208124.0,624922.0
202207,703,25450.0,93425.041
202207,705,1734.2,4726.784
202207,724,23504.0,83324.361
202207,757,6913.0,20901.665
202207,826,432920.0,562890.973
202207,842,34020208.33,43853079.0
202208,56,7743.95,22411.187
202208,203,28090.0,83889.0
202208,233,13471.3,31811.64
202208,246,5555.0,11928.258
202208,251,114595.0,383378.472
202208,276,293275.0,996736.22
202208,372,4436.0,12255.406
202208,380,45809.0,73149.581
202208,442,5759.9,34709.356
202208,528,1743310.0,2836438.765
202208,616,187012.0,472432.0
202208,703,18907.0,66909.452
202208,705,5519.62,14584.84
202208,724,111294.0,206982.413
202208,757,16393.0,43471.709
202208,826,653523.0,849264.639
202208,842,48384925.085,62369634.0
202209,56,6912.0,23936.319
202209,203,12864.0,36948.0
202209,233,3866.2,9824.97
202209,246,3670.0,7141.61
202209,251,157176.0,410553.965
202209,276,209039.0,737129.879
202209,372,12377.0,26418.314
202209,380,45809.0,80489.941
202209,442,4436.6,26896.993
202209,528,790375.0,1405455.278
202209,616,104180.0,267051.0
202209,703,32784.0,42409.935
202209,705,3817.535,10155.428
202209,724,45276.0,70686.019
202209,757,8543.0,23671.602
202209,826,177080.0,231998.645
202209,842,52478052.332,67645799.0
202210,56,13824.0,37830.418
202210,203,11021.0,32908.0
202210,233,6269.0,14928.07
202210,246,1395.0,2772.803
202210,251,133998.0,287051.937
202210,276,213434.0,686639.198
202210,372,3788.0,9709.724
202210,380,25137.0,43254.55
202210,442,2001.0,7812.388
202210,528,1045130.0,1865169.936
202210,616,77988.0,204881.0
202210,703,7576.0,26925.274
202210,705,2256.16,6529.656
202210,724,94464.0,159306.244
202210,757,34197.0,89927.082
202210,826,261455.0,336885.46
202210,842,41628023.351,53659783.0
202211,56,19068.1,39504.347
202211,203,12024.0,41147.0
202211,233,3167.92,8692.71
202211,246,1698.0,3667.358
202211,251,213241.0,515430.525
202211,276,228790.0,691590.182
202211,372,10750.0,22312.224
202211,380,25137.0,51104.296
202211,442,5696.0,27089.388
202211,528,1940510.0,3835098.083
202211,616,102603.0,265041.0
202211,703,6167.0,23095.681
202211,705,3124.0,9313.706
202211,724,142928.0,203925.635
202211,757,56524.0,113337.059
202211,826,446428.0,692667.841
202211,842,31822028.022,41019558.0
202212,56,38080.0,75566.224
202212,203,33637.0,69935.0
202212,233,9012.16,22791.3
202212,246,312.0,831.222
202212,251,240421.0,580876.676
202212,276,262080.0,842102.606
202212,372,28556.0,54415.892
202212,380,50274.0,106310.588
202212,442,4480.0,28392.834
202212,528,2179840.0,3771155.795
202212,616,108602.0,221651.0
202212,703,10695.0,36265.614
202212,705,4060.758,9743.734
202212,724,16770.0,40332.659
202212,757,30707.0,50965.077
202212,826,689777.0,1063975.546
202212,842,41964178.369,54093097.0
202301,203,31498.0,31027.0
202301,233,5371.2,10300.38
202301,246,321.0,789.368
202301,251,95084.0,235309.111
202301,276,181295.0,497609.644
202301,372,6380.0,10623.619
202301,442,4148.303,26500.474
202301,528,214085.0,412113.476
202301,616,40778.0,71873.0
202301,703,8783.0,26381.896
202301,705,1229.1,2638.508
202301,724,24239.5,59062.344
202301,757,2815.0,3866.423
202301,826,265745.0,247654.156
202301,842,50818210.0,60617330.0
202302,203,21818.0,32017.0
202302,233,5159.7,7119.0
202302,246,80.0,163.941
202302,251,36719.0,74930.694
202302,276,111714.0,358766.193
202302,372,4176.0,5890.09
202302,442,2420.0,15699.036
202302,528,23886.0,31220.587
202302,616,19678.0,41015.0
202302,703,7972.0,17002.721
202302,705,232.07,522.132
202302,724,48236.0,62805.166
202302,757,136.0,440.348
202302,826,5444.0,2430.119
202302,842,45915504.0,69194692.0
202303,203,8637.0,20098.0
202303,233,2453.4,4324.79
202303,246,106.0,232.316
202303,251,32007.0,187511.472
202303,276,100273.0,344305.788
202303,372,1524.0,2789.938
202303,442,3274.7,21176.713
202303,616,16808.0,43701.0
202303,703,8832.0,19786.508
202303,705,230.771,587.782
202303,724,3072.0,14062.756
202303,757,1060.0,2450.228
202303,826,640.0,1108.118
202303,842,44240536.0,81816637.0
202304,203,9243.0,32970.0
202304,233,2974.5,9656.86
202304,246,273.0,677.805
202304,251,34470.0,197057.065
202304,276,81606.0,267774.744
202304,372,87.0,325.741
202304,442,3196.0,21277.447
202304,528,8961.0,14546.49
202304,616,15738.0,57204.0
202304,703,7385.0,31987.362
202304,724,2603.0,13102.085
202304,757,34.0,215.04
202304,826,1920.0,3567.987
202304,842,52410226.0,85164298.0
202305,203,12209.0,39543.0
202305,251,140317.0,268183.818
202305,276,125641.0,402737.596
202305,372,1875.0,4009.021
202305,380,25137.0,60710.202
202305,442,2527.0,16640.881
202305,528,79146.0,193239.365
202305,616,23355.0,80070.0
202305,703,16402.0,61116.647
202305,705,65.313,239.675
202305,724,50715.0,79295.659
202305,757,48.0,163.921
202305,826,66634.0,110856.41
202305,842,65062759.0,57513166.0
202306,203,44268.0,87825.0
202306,233,3706.5,5036.82
202306,246,1500.0,3275.807
202306,251,114036.0,296388.97
202306,276,187372.0,575868.838
202306,372,9545.0,14233.825
202306,380,25137.0,38563.899
202306,442,6428.3,40925.699
202306,528,1130870.0,2047747.793
202306,616,61843.0,130442.0
202306,703,24836.0,58967.774
202306,705,1719.805,3069.29
202306,724,54549.0,73060.681
202306,757,976.0,2100.788
202306,826,127338.0,131296.016
202306,842,60131997.0,45821572.0
202307,203,48215.0,113338.0
202307,233,14872.86,30135.97
202307,246,1944.0,2805.451
202307,251,37728.0,157148.373
202307,276,322542.0,945041.048
202307,372,2894.0,7005.333
202307,380,32049.0,51923.51
202307,442,4821.0,32100.097
202307,528,672310.0,889999.142
202307,616,153715.0,359220.0
202307,703,44429.0,69095.699
202307,705,4493.65,9492.163
202307,724,10559.0,33935.151
202307,757,2909.0,7690.107
202307,826,134005.0,161576.253
202307,842,70729762.0,74407798.0
202308,203,61869.0,174242.0
202308,233,12724.88,34555.84
202308,246,108.0,294.539
202308,251,102482.0,258156.215
202308,276,233583.0,724506.023
202308,372,1697.0,5079.17
202308,380,25137.0,31597.541
202308,442,4500.1,32308.733
202308,528,743355.0,1280924.911
202308,616,86718.0,289270.0
202308,703,12430.0,47100.135
202308,705,477.084,1551.328
202308,724,75545.0,113673.584
202308,757,1248.0,3085.827
202308,826,143722.0,187707.422
202308,842,64619520.0,72897346.0
202309,203,36438.0,89352.0
202309,233,3256.5,6161.15
202309,246,640.0,1748.94
202309,251,67383.0,199288.304
202309,276,209174.0,618242.141
202309,372,4972.0,10520.347
202309,380,50274.0,108545.368
202309,442,5047.0,29559.27
202309,528,621740.0,1420900.723
202309,616,50200.0,115210.0
202309,703,13887.0,38983.084
202309,705,2364.5,5635.941
202309,724,10901.96,28548.848
202309,757,2242.0,5368.335
202309,826,100424.0,162055.584
202309,842,66362848.0,93470343.0
202310,203,14483.0,36849.0
202310,233,9449.3,15368.16
202310,246,2791.0,5089.034
202310,251,50552.0,163129.007
202310,276,108395.0,330159.819
202310,372,2267.0,4657.026
202310,380,25137.0,29742.015
202310,442,1225.0,7909.065
202310,528,48951.0,64869.873
202310,616,17409.0,46587.0
202310,703,7157.0,19405.508
202310,705,215.6,442.534
202310,724,8827.5,19730.159
202310,757,131.0,348.506
202310,826,28547.0,16853.68
202310,842,62356656.0,86409056.0
202311,203,10387.0,36138.0
202311,233,3615.5,9540.57
202311,246,48.0,90.789
202311,251,33779.0,150821.245
202311,276,47677.0,118871.044
202311,372,1828.0,5010.694
202311,442,4947.023,31965.224
202311,528,33941.0,68178.297
202311,616,16978.0,52437.0
202311,703,2009.0,6447.108
202311,705,4.5,12.458
202311,826,5512.0,13926.814
202311,842,54360887.0,62660105.0
202312,203,28653.0,85617.0
202312,233,4128.7,8041.54
202312,251,47280.0,206907.229
202312,276,26687.0,41505.741
202312,372,804.0,1805.546
202312,442,1719.0,10231.228
202312,528,113757.0,211768.9
202312,616,34560.0,103306.0
202312,703,770.0,2310.357
202312,705,7.871,23.287
202312,826,424.0,1138.915
202312,842,54811106.0,56024324.0
202401,100,2467.0,6105.938
202401,203,21032.0,58825.0
202401,233,2169.9,3473.81
202401,246,45.0,87.241
202401,251,25116.0,116152.788
202401,276,29850.0,94073.158
202401,442,5830.0,38043.364
202401,528,91821.0,133604.277
202401,616,22038.0,66687.0
202401,703,239.0,598.692
202401,705,28.0,73.318
202401,724,229.0,1634.571
202401,757,1031.0,1124.655
202401,842,50139744.0,64029046.0
202402,100,2907.0,6721.673
202402,203,14100.0,37411.0
202402,233,3625.7,5546.12
202402,246,45.0,53.974
202402,251,23328.0,103203.945
202402,276,47570.0,179545.243
202402,442,2529.5,16138.27
202402,616,10497.0,28555.0
202402,703,859.0,857.1
202402,705,93.87,214.421
202402,842,44442313.0,62242980.0
202403,100,3918.0,8085.816
202403,203,17933.0,41113.0
202403,233,3217.6,5753.38
202403,246,90.0,119.594
202403,251,24385.0,104536.203
202403,276,37567.0,110156.043
202403,372,1200.0,1767.82
202403,442,1036.0,7095.198
202403,616,20020.0,49596.0
202403,703,1290.0,3198.601
202403,705,166.576,364.14
202403,724,20672.0,27795.964
202403,842,51162676.0,76043473.0
202404,100,3829.0,12835.509
202404,203,16323.0,57956.0
202404,233,2566.6,8438.35
202404,246,45.0,144.825
202404,251,23688.0,110971.187
202404,276,47870.0,170105.829
202404,442,1163.0,7969.654
202404,528,14260.0,51587.661
202404,616,16938.0,64750.0
202404,703,3039.0,10561.482
202404,705,19.5,73.205
202404,842,49870365.0,65919074.0
202405,56,3456.0,18224.366
202405,100,4039.0,13011.115
202405,203,155431.0,112614.0
202405,233,3185.2,9551.52
202405,246,45.0,78.929
202405,251,33299.0,147807.471
202405,276,72281.0,253072.071
202405,372,831.0,1416.402
202405,442,1737.0,12107.954
202405,528,58442.0,141349.327
202405,616,18942.0,74416.0
202405,703,2764.0,9966.711
202405,705,216.897,666.757
202405,842,58753673.0,63485822.0
202406,100,2026.0,5179.053
202406,203,17573.0,69674.0
202406,233,2999.4,6370.22
202406,246,1456.0,4590.865
202406,251,29756.0,128839.025
202406,276,59169.0,179910.922
202406,372,3603.0,7570.032
202406,442,3281.0,14349.278
202406,528,398297.0,864821.331
202406,616,50335.0,136020.0
202406,703,3649.0,8554.481
202406,705,909.628,2083.987
202406,724,48960.0,96500.699
202406,757,248.0,750.635
202406,826,75600.0,93626.534
202406,842,65456285.0,67358922.0
202407,100,2959.0,7845.42
202407,203,20396.0,87919.0
202407,233,4714.9,15361.86
202407,246,270.0,516.179
202407,251,98724.0,312222.95
202407,276,108117.655,268942.03
202407,372,275.0,913.072
202407,442,1693.0,11929.58
202407,528,286520.0,604149.028
202407,616,58581.0,193950.0
202407,703,3983.0,10490.57
202407,705,1278.527,4182.002
202407,724,41804.0,100210.641
202407,757,76.0,274.528
202407,826,25998.0,31539.818
202407,842,62204065.0,58882655.0
202408,100,912.0,3012.611
202408,203,210179.0,74718.0
202408,233,6260.9,20526.29
202408,246,1661.0,4379.545
202408,251,81420.0,297549.152
202408,276,111582.0,433570.521
202408,372,80775.0,162385.633
202408,442,948.0,3264.011
202408,528,509987.0,1258745.238
202408,616,56388.0,203813.0
202408,703,5410.0,21433.009
202408,705,830.761,3073.113
202408,724,47024.0,125891.262
202408,757,10343.0,33415.761
202408,826,67048.0,88805.679
202408,842,68289773.0,81659140.0
202409,203,107977.0,32619.0
202409,233,3205.96,9283.2
202409,251,20660.0,90674.937
202409,276,62562.0,192941.206
202409,372,22320.0,12696.379
202409,442,7.0,22.434
202409,528,81833.0,181545.34
202409,616,30067.0,85280.0
202409,703,3589.0,11743.484
202409,705,1124.748,1960.439
202409,724,1111.5,1239.53
202409,757,8.0,18.886
202409,826,4622.0,5895.11
202409,842,65027510.0,110557316.0
202410,203,41368.0,10824.0
202410,233,2542.1,5690.94
202410,251,66044.0,186892.888
202410,276,14392.0,31086.115
202410,442,2592.0,5652.814
202410,616,12421.0,37136.0
202410,703,5683.0,3750.005
202410,705,40.58,96.574
202410,826,1296.0,3937.521
202410,842,68960110.0,65646960.0
202411,100,960.0,3429.519
202411,203,42325.0,11217.0
202411,233,3303.7,10615.42
202411,246,2079.0,6877.702
202411,251,37311.0,140408.241
202411,276,18512.0,57278.398
202411,372,374.0,1140.614
202411,380,12960.0,34249.257
202411,442,2231.0,9798.377
202411,528,515258.0,730980.707
202411,616,39572.0,134739.0
202411,703,1910.0,4878.173
202411,705,392.5,1515.969
202411,724,13562.88,50635.473
202411,757,8398.0,26517.027
202411,826,12036.0,37907.526
202411,842,62722019.0,44359623.0
202412,203,117229.0,56032.0
202412,233,12427.2,36300.11
202412,246,1060.0,2777.917
202412,251,129435.0,337031.18
202412,276,143747.0,337845.379
202412,372,19401.0,38980.95
202412,442,5266.0,23245.011
202412,528,1037950.0,1881749.824
202412,616,60131.0,194853.0
202412,703,7184.0,10604.495
202412,705,2108.727,5864.772
202412,724,54610.2,114343.24
202412,757,24224.0,61922.503
202412,826,271804.0,493593.189
202412,842,58658864.0,51116043.0
202501,203,38414.0,13320.0
202501,246,112.0,176.013
202501,251,20424.0,73017.59
202501,276,60039.0,174810.259
202501,372,150.0,512.509
202501,442,1247.0,7429.897
202501,528,209662.0,345525.619
202501,616,17762.0,56073.0
202501,703,1631.0,4947.011
202501,705,120.0,393.139
202501,724,912.0,1456.997
202501,757,1920.0,2754.775
202501,826,82176.0,53549.128
202501,842,56715142.0,67057895.0
202502,203,40700.0,12541.0
202502,246,45.0,83.3
202502,251,31314.0,115693.287
202502,276,13019.0,61069.312
202502,442,784.8,4214.876
202502,616,23507.0,57004.0
202502,703,1368.0,2562.516
202502,705,51.444,99.432
202502,724,22344.0,48848.161
202502,842,43040472.0,50858685.0
202503,203,79350.0,20841.0
202503,246,90.0,113.471
202503,251,22244.0,86343.166
202503,276,10286.0,18293.767
202503,442,2147.0,11683.209
202503,616,14648.0,38793.0
202503,703,1332.0,3019.423
202503,705,4.846,18.1
202503,842,52495266.0,71012692.0
202504,203,62150.0,20216.0
202504,246,45.0,72.891
202504,251,25998.0,119328.763
202504,276,13380.0,32001.249
202504,372,432.0,934.122
202504,442,1732.0,9544.574
202504,616,18038.0,53920.0
202504,703,1876.0,5509.414
202504,705,19.944,74.946
202504,842,47150507.0,66134618.0
202505,203,132875.0,39275.0
202505,246,135.0,219.922
202505,251,17622.0,69354.354
202505,276,24994.0,80680.897
202505,442,1557.0,9173.496
202505,616,17047.0,51334.0
202505,703,2124.0,6855.925
202505,705,20.364,73.438
202505,842,61403908.0,85513124.0
202506,203,164450.0,47807.0
202506,251,30920.0,127015.519
202506,276,29217.773,64338.653
202506,442,2087.0,12834.644
202506,528,33238.0,37342.399
202506,616,17374.0,55300.0
202506,703,3020.0,9126.581
202506,705,6.88,18.825
202506,757,800.0,2513.026
202506,842,65300052.0,57676631.0
202507,203,202800.0,54775.0
202507,233,1265.0,3178.44
202507,251,31987.0,132650.405
202507,276,66780.0,232986.242
202507,442,3298.0,14318.411
202507,528,268634.0,406609.614
202507,616,39102.0,123285.0
202507,703,2328.0,8719.119
202507,724,7296.0,18537.03
202507,757,5202.0,18621.061
202507,826,71465.0,164508.952
202507,842,72839766.0,54820949.0
202508,100,1824.0,3182.088
202508,203,120324.0,30947.0
202508,246,4.0,13.958
202508,251,27463.0,89788.812
202508,276,49226.0,107130.109
202508,372,716.0,2101.799
202508,442,1470.6,2950.893
202508,528,658340.0,1178356.758
202508,616,62750.0,158979.0
202508,703,2724.0,10091.427
202508,705,1385.027,3173.234
202508,724,1166.2,5696.306
202508,757,11695.0,41730.213
202508,826,186015.0,286171.643
202508,842,81414288.0,87074840.0
202509,203,105274.0,26228.0
202509,233,312.0,958.52
202509,246,2209.0,7075.706
202509,251,28711.0,114991.078
202509,276,142232.0,363054.944
202509,372,144.0,232.298
202509,442,641.0,1153.865
202509,528,96316.0,125306.054
202509,616,20489.0,48048.0
202509,703,2292.0,6753.07
202509,705,1178.95,2141.59
202509,724,19152.0,37044.508
202509,757,4796.0,16939.28
202509,826,76224.0,53275.758
202509,842,72216100.0,68854438.0
202510,100,912.0,1657.252
202510,203,54475.0,12995.0
202510,246,2218.0,7232.967
202510,251,24855.0,99998.478
202510,276,23798.483,63883.652
202510,442,2295.0,8404.152
202510,616,11493.0,39251.0
202510,703,1564.0,5618.663
202510,705,14.8,48.363
202510,724,20672.0,19458.101
202510,757,1600.0,5871.734
202510,826,72800.0,49248.852
202510,842,73629302.0,55984000.0
202511,100,1992.0,2904.427
202511,203,61914.0,15432.0
202511,233,1824.0,2108.58
202511,251,34720.0,102199.104
202511,276,43538.0,95209.807
202511,372,20.0,41.617
202511,442,1898.0,9310.007
202511,528,451128.0,567699.0
202511,616,49599.0,103701.0
202511,703,1816.0,5617.101
202511,705,467.1,737.072
202511,724,22.8,1971.326
202511,757,5672.0,14586.573
202511,826,110686.0,120422.149
202511,842,59193941.0,45874594.0
202512,203,161574.0,37453.0
202512,233,764.0,1108.82
202512,246,3343.0,11110.399
202512,251,32242.0,140503.4
202512,276,61048.0,178989.943
202512,372,313.0,1662.637
202512,442,2138.0,11764.331
202512,528,118355.0,152494.294
202512,616,41468.0,105504.0
202512,703,2252.0,6359.003
202512,705,278.5,403.625
202512,724,21887.0,6407.008
202512,757,1596.0,5847.52
202512,826,67706.0,110183.295
202512,842,58815155.0,57430956.0
202601,203,54600.0,17764.0
202601,276,15376.0,112474.623
202601,372,20.0,43.431
202601,442,1221.0,9058.398
202601,616,10675.0,39567.0
202601,703,1416.0,5677.786
202601,705,50.0,90.676
202601,842,57371132.0,73201809.0
202602,203,73250.0,23678.0
202602,276,8358.0,29350.591
202602,372,18.0,37.837
202602,442,1141.0,8424.328
202602,528,3965.0,4917.581
202602,616,13516.0,56294.0
202602,703,1500.0,7328.484
202602,842,42733430.0,69220764.0
202603,203,62325.0,20525.0
202603,233,1283.0,2982.05
202603,276,19518.56,101663.499
202603,442,1982.0,10629.492
202603,616,23237.0,77970.0
202603,703,2028.0,7686.282
202603,826,138.0,9220.624
202603,842,46613975.0,107079005.0
202604,203,85947.0,40337.0
202604,233,3646.0,8610.06
202604,276,10340.0,23724.19
202604,442,3373.0,14250.201
202604,616,31255.0,83226.0
202604,703,2116.0,6751.081
202604,842,48169701.0,87976315.0
202605,203,164775.0,40566.0
202605,233,3645.0,9176.3
202605,246,4.0,7.004
202605,276,11053.511,23561.187
202605,372,17.0,36.187
202605,442,4697.0,16568.006
202605,616,27494.0,69491.0
202605,703,2884.0,8358.011
202605,826,25200.0,33913.301
202605,842,62703016.0,92411810.0
202606,203,269244.0,53486.0
202606,233,4261.5,11365.96
202606,246,13.0,35.706
202606,276,19101.0,106870.915
202606,372,18.0,36.858
202606,442,5268.0,22351.255
202606,528,17197.0,20713.971
202606,616,14783.0,45629.0
202606,724,3888.0,22171.24
202606,826,50400.0,67605.645
202606,842,64374925.0,57211248.0
202607,203,278284.0,84985.0
202607,233,3800.0,12559.23
202607,246,164.0,630.245
202607,276,35241.0,211467.681
202607,442,6704.0,28863.956
202607,528,378472.0,685812.521
202607,757,1840.0,5365.3
202607,842,39309245.147,53746372.0
202608,757,3207.0,10984.556
