periodo,socio,kg,usd
201001,0,26171268.196,14366581.0
201001,124,212448.0,116368.0
201001,251,80126.716,43982.0
201001,276,709.7,388.0
201001,392,133726.55,73383.0
201001,528,163752.0,89611.0
201001,826,22680.0,12513.0
201001,842,25557825.23,14030336.0
201002,0,25673711.963,14719946.0
201002,124,303180.0,173588.0
201002,251,43724.0,25139.0
201002,392,136365.055,78353.0
201002,528,260440.0,150101.0
201002,842,24930002.908,14292765.0
201003,0,33342715.433,26221451.0
201003,124,302562.0,237794.0
201003,251,79342.384,62681.0
201003,392,160007.8,126188.0
201003,528,275088.0,216311.0
201003,784,36.0,28.0
201003,826,22800.0,17848.0
201003,842,32502879.249,25560601.0
201004,0,24730153.194,23246945.0
201004,124,264727.0,248672.0
201004,251,39777.8,37519.0
201004,392,164792.46,155144.0
201004,528,84996.0,79805.0
201004,842,24175859.934,22725805.0
201005,0,36364580.05,23387405.0
201005,56,149217.0,94931.0
201005,124,332843.0,214029.0
201005,251,119017.29,76179.0
201005,276,203288.0,128938.0
201005,300,6038.0,3869.0
201005,348,18360.0,11721.0
201005,380,34032.0,21596.0
201005,392,135612.15,87305.0
201005,528,1128444.0,717598.0
201005,724,89895.6,56576.0
201005,757,34236.0,21584.0
201005,826,432381.0,277282.0
201005,842,33681216.01,21675797.0
201006,0,43543590.517,14332461.0
201006,56,278773.12,91718.0
201006,124,361614.15,118995.0
201006,208,65250.57,21454.0
201006,251,430638.34,141727.0
201006,276,382773.6,125911.0
201006,300,14432.0,4736.0
201006,348,23220.0,7614.0
201006,380,155240.2,50983.0
201006,392,151639.46,49853.0
201006,528,2092717.0,687960.0
201006,616,87912.0,28885.0
201006,620,21600.0,7145.0
201006,724,215848.8,70950.0
201006,752,7776.0,2541.0
201006,757,22464.0,7384.0
201006,826,896328.0,294898.0
201006,842,38335363.277,12619707.0
201007,0,40613914.57,12161679.0
201007,56,282833.0,84805.0
201007,124,526169.0,157591.0
201007,208,64058.68,19199.0
201007,251,393983.23,118265.0
201007,276,425559.0,127625.0
201007,300,28820.0,8663.0
201007,348,12528.0,3764.0
201007,380,130652.68,39379.0
201007,392,181263.56,54388.0
201007,528,2344742.986,703912.0
201007,620,22572.0,6775.0
201007,724,238824.0,71553.0
201007,752,3888.0,1173.0
201007,757,20412.0,6132.0
201007,826,947089.026,284165.0
201007,842,34990519.408,10474290.0
201008,0,50061846.334,17731632.0
201008,56,87166.0,31202.0
201008,124,599862.0,212602.0
201008,208,67298.68,23961.0
201008,251,519249.72,183516.0
201008,276,405023.6,144415.0
201008,300,6487.0,2306.0
201008,348,1944.0,698.0
201008,380,134590.0,47356.0
201008,392,216680.51,76683.0
201008,528,2027424.57,718124.0
201008,620,21384.0,7411.0
201008,724,163286.0,57651.0
201008,757,13176.0,4707.0
201008,826,621018.73,220196.0
201008,842,45177255.524,16000804.0
201009,0,45967832.783,21201512.0
201009,56,10200.0,4710.0
201009,124,433496.0,199456.0
201009,208,21384.0,9989.0
201009,251,322833.68,149031.0
201009,276,322219.1,148694.0
201009,300,1907.0,866.0
201009,348,3780.0,1766.0
201009,380,66690.0,30626.0
201009,392,425481.47,197058.0
201009,528,1677998.0,776911.0
201009,643,54.0,24.0
201009,724,182336.4,84449.0
201009,757,16752.0,7700.0
201009,826,641536.64,297150.0
201009,842,41841164.493,19293082.0
201010,0,46231249.643,19705938.0
201010,56,93044.0,39757.0
201010,124,417200.0,177709.0
201010,208,70445.368,30093.0
201010,251,762268.34,324948.0
201010,276,248385.6,105543.0
201010,300,10618.0,4534.0
201010,348,7776.0,3317.0
201010,380,71431.0,30449.0
201010,392,755282.11,322485.0
201010,528,1977843.0,843465.0
201010,724,276567.4,117820.0
201010,757,15120.0,6456.0
201010,784,500.0,213.0
201010,826,992881.64,424017.0
201010,842,40531887.185,17275132.0
201011,0,49424563.732,23790922.0
201011,56,213785.368,102803.0
201011,124,702931.4,338789.0
201011,208,85536.0,41179.0
201011,251,362328.0,174593.0
201011,276,131573.4,63383.0
201011,300,3814.0,1838.0
201011,348,3888.0,1874.0
201011,380,63774.0,30635.0
201011,392,971861.68,468730.0
201011,404,72.64,35.0
201011,528,1246578.0,599595.0
201011,616,52572.0,25243.0
201011,642,21991.2,10600.0
201011,724,127065.0,61274.0
201011,757,13176.0,6329.0
201011,784,1458.0,700.0
201011,826,446861.0,215078.0
201011,842,44975298.044,21648244.0
201012,0,28212529.314,24670400.0
201012,56,13812.0,12059.0
201012,124,538092.09,471242.0
201012,208,23950.08,20951.0
201012,251,96417.5,84358.0
201012,380,8748.0,7670.0
201012,392,697870.41,608759.0
201012,528,110864.0,96949.0
201012,616,21500.0,18702.0
201012,724,8748.0,7670.0
201012,784,972.0,848.0
201012,826,68248.0,59552.0
201012,842,26623307.234,23281640.0
201101,0,20103489.776,28908138.0
201101,56,48196.0,69551.0
201101,124,291759.53,416985.0
201101,251,11909.0,17186.0
201101,392,123251.81,176916.0
201101,528,54648.0,79006.0
201101,724,23.0,34.0
201101,842,19573702.436,28148460.0
201102,0,19907046.702,28404775.0
201102,56,8800.0,12497.0
201102,124,105822.0,151170.0
201102,251,30864.0,43983.0
201102,276,581.0,835.0
201102,392,136674.66,195140.0
201102,528,107127.0,152699.0
201102,842,19517178.042,27848451.0
201103,0,26745902.298,20915318.0
201103,56,75074.68,58881.0
201103,124,186979.0,145996.0
201103,251,40738.0,31825.0
201103,276,43621.6,34168.0
201103,380,24300.0,18994.0
201103,392,147220.01,115025.0
201103,528,473640.0,370870.0
201103,724,34054.0,26625.0
201103,826,171072.0,133948.0
201103,842,25549203.008,19978986.0
201104,0,32335365.58,30174864.0
201104,56,181013.36,169354.0
201104,124,200183.56,186955.0
201104,251,138679.0,129686.0
201104,276,153252.0,142354.0
201104,348,15552.0,14505.0
201104,380,150390.0,140360.0
201104,392,159120.69,148816.0
201104,528,1277057.35,1192378.0
201104,724,155421.5,145223.0
201104,757,49680.0,46997.0
201104,826,623714.68,582675.0
201104,842,29231301.44,27275561.0
201105,0,41781097.282,11181579.0
201105,56,124994.0,33395.0
201105,124,495606.2,132707.0
201105,251,104710.152,27960.0
201105,276,182447.6,48837.0
201105,348,5832.0,1550.0
201105,380,111360.0,29717.0
201105,392,190362.92,50900.0
201105,528,1453816.288,388680.0
201105,724,183999.6,49167.0
201105,757,3456.0,928.0
201105,826,763142.68,204010.0
201105,842,38161369.842,10213728.0
201106,0,57667657.619,11297789.0
201106,56,80460.0,15913.0
201106,84,10.0,2.0
201106,124,360178.0,70607.0
201106,251,147527.17,29016.0
201106,276,308616.2,60815.0
201106,348,11664.0,2294.0
201106,380,93636.0,18457.0
201106,392,138322.93,27225.0
201106,528,1277384.0,251300.0
201106,724,130735.8,25803.0
201106,757,6912.0,1364.0
201106,826,781560.0,153817.0
201106,842,54330651.519,10641176.0
201107,0,41093916.818,13967287.0
201107,40,9.0,3.0
201107,56,169814.36,57542.0
201107,124,313851.0,106586.0
201107,208,21384.0,7229.0
201107,251,226575.0,76972.0
201107,276,129538.0,43911.0
201107,348,5832.0,1970.0
201107,380,144543.0,48922.0
201107,392,204642.411,69459.0
201107,528,1359625.706,461554.0
201107,616,24336.0,8272.0
201107,724,244835.112,83097.0
201107,757,3456.0,1175.0
201107,826,950306.68,322401.0
201107,842,37295168.549,12678194.0
201108,0,50772818.434,22380133.0
201108,56,164952.048,72704.0
201108,124,503063.0,221744.0
201108,251,166273.688,73281.0
201108,276,249678.2,110052.0
201108,348,6780.0,2988.0
201108,380,161837.2,71328.0
201108,392,300110.09,132250.0
201108,410,9432.8,4157.0
201108,528,1409181.0,621118.0
201108,616,17262.0,7609.0
201108,724,190972.876,84165.0
201108,757,3456.0,1523.0
201108,826,724931.448,319544.0
201108,842,46864888.084,20657670.0
201109,0,49802943.888,30130317.0
201109,56,280174.72,169503.0
201109,124,267830.0,162034.0
201109,208,21303.0,12888.0
201109,251,282408.0,170838.0
201109,276,207482.8,125523.0
201109,348,11832.0,7158.0
201109,380,140728.0,85132.0
201109,392,593348.49,358938.0
201109,528,1965625.4,1189144.0
201109,616,168863.5,102160.0
201109,643,80.0,48.0
201109,724,115282.0,69743.0
201109,757,10800.0,6532.0
201109,826,1623841.2,982394.0
201109,842,44113344.778,26688282.0
201110,0,48663099.274,28608501.0
201110,56,130500.0,76719.0
201110,124,237023.0,139343.0
201110,208,42768.0,25142.0
201110,251,277380.0,163053.0
201110,276,219549.6,129069.0
201110,380,111090.0,65305.0
201110,392,882620.2,518843.0
201110,528,1450449.5,852657.0
201110,616,22572.0,13270.0
201110,724,158957.8,93441.0
201110,757,10800.0,6347.0
201110,784,972.0,570.0
201110,826,1449782.32,852286.0
201110,842,43668634.854,25672456.0
201111,0,42228209.25,17431327.0
201111,56,195448.0,80673.0
201111,124,393990.0,162630.0
201111,208,42687.0,17620.0
201111,251,342956.0,141554.0
201111,276,135914.4,56102.0
201111,380,70470.0,29086.0
201111,392,338596.66,139744.0
201111,528,1077324.5,444667.0
201111,616,82219.5,33938.0
201111,724,114942.0,47444.0
201111,757,19980.0,8245.0
201111,784,486.0,200.0
201111,826,983141.6,405823.0
201111,842,38430053.59,15863601.0
201112,0,38605855.664,26517899.0
201112,56,29459.0,20234.0
201112,124,283013.0,194397.0
201112,208,21384.0,14688.0
201112,251,207768.0,142701.0
201112,276,76047.6,52234.0
201112,380,36801.0,25277.0
201112,392,169363.76,116308.0
201112,528,422782.0,290390.0
201112,616,194352.5,133494.0
201112,724,60645.0,41655.0
201112,757,1944.0,1335.0
201112,784,486.0,333.0
201112,826,547147.14,375818.0
201112,842,36554662.664,25109035.0
201201,0,31268661.794,24060851.0
201201,56,30720.0,23636.0
201201,124,259085.0,199362.0
201201,251,119951.6,92294.0
201201,380,19440.0,14957.0
201201,392,154154.08,118593.0
201201,528,126201.0,97101.0
201201,724,34992.0,26925.0
201201,784,530.0,407.0
201201,826,120312.0,92577.0
201201,842,30403276.114,23394999.0
201202,0,28703148.278,15218050.0
201202,56,22572.0,11967.0
201202,124,201298.0,106724.0
201202,251,156068.0,82733.0
201202,276,562.3,296.0
201202,380,32076.0,17005.0
201202,392,123232.83,65312.0
201202,528,135538.0,71845.0
201202,591,2700.0,1431.0
201202,724,52488.0,27826.0
201202,752,468.0,248.0
201202,757,936.0,496.0
201202,784,530.0,281.0
201202,826,82512.0,43745.0
201202,842,27892167.148,14788141.0
201203,0,33314197.0,10097097.0
201203,56,198215.0,60071.0
201203,124,164716.0,49923.0
201203,208,64071.0,19418.0
201203,251,197448.0,59827.0
201203,276,22386.0,6785.0
201203,380,80904.0,24516.0
201203,392,172584.0,52281.0
201203,528,440610.0,133520.0
201203,724,51516.0,15612.0
201203,752,390.0,118.0
201203,757,1944.0,589.0
201203,784,550.0,166.0
201203,826,556023.0,168517.0
201203,842,31362840.0,9505754.0
201204,0,40298720.698,12081103.0
201204,56,135230.68,40541.0
201204,124,254129.0,76183.0
201204,208,64152.0,19230.0
201204,251,194051.5,58163.0
201204,276,114724.8,34391.0
201204,380,89406.0,26799.0
201204,392,151480.1,45381.0
201204,528,918826.2,275418.0
201204,616,67716.0,20301.0
201204,724,93636.0,28067.0
201204,757,9504.0,2847.0
201204,784,486.0,145.0
201204,826,735060.64,220344.0
201204,842,37470317.778,11233293.0
201205,0,153550488.686,71108673.0
201205,56,297981.0,137985.0
201205,124,331303.0,153421.0
201205,208,85536.0,39608.0
201205,251,253826.92,117527.0
201205,276,152513.08,70624.0
201205,380,246150.0,113981.0
201205,392,195776.24,90628.0
201205,528,108881198.326,50422817.0
201205,616,45144.0,20906.0
201205,703,6426.0,2975.0
201205,724,166032.0,76884.0
201205,752,7693.5,3561.0
201205,757,6936.0,3210.0
201205,784,550.0,254.0
201205,826,1497802.0,693583.0
201205,842,41375620.62,19160709.0
201206,0,40900045.754,14584373.0
201206,56,411928.68,146874.0
201206,124,276641.0,98647.0
201206,208,64152.0,22875.0
201206,218,19440.0,6932.0
201206,251,262702.76,93661.0
201206,276,212492.34,75770.0
201206,380,197046.0,70257.0
201206,392,166308.89,59280.0
201206,528,2046773.8,729815.0
201206,703,1836.0,654.0
201206,724,138648.0,49438.0
201206,752,37971.0,13537.0
201206,757,3672.0,1308.0
201206,826,1490086.72,531346.0
201206,842,35570346.564,12683979.0
201207,0,57492586.422,19040886.0
201207,56,304870.68,100961.0
201207,124,497397.0,164732.0
201207,208,85536.0,28328.0
201207,251,260995.0,86426.0
201207,276,186305.672,61701.0
201207,380,154854.0,51281.0
201207,392,201707.29,66781.0
201207,528,2439348.176,807830.0
201207,616,22032.0,7297.0
201207,703,7344.0,2432.0
201207,724,156254.4,51746.0
201207,752,7344.0,2432.0
201207,757,89208.0,29544.0
201207,784,486.0,160.0
201207,826,1273971.44,421911.0
201207,842,51804932.764,17157324.0
201208,0,54017761.81,29638840.0
201208,56,299790.0,164479.0
201208,124,347993.0,190941.0
201208,208,64152.0,35199.0
201208,251,369712.0,202835.0
201208,276,136403.4,74841.0
201208,380,209756.0,115082.0
201208,392,498771.07,273632.0
201208,528,2282775.18,1252489.0
201208,604,5.0,2.0
201208,703,3672.0,2014.0
201208,724,212832.0,116774.0
201208,757,3672.0,2014.0
201208,826,1462294.28,802322.0
201208,842,48125933.88,26406216.0
201209,0,50619992.35,22535421.0
201209,56,113644.0,50589.0
201209,124,368215.0,163926.0
201209,208,106920.0,47600.0
201209,251,356362.38,158632.0
201209,276,102372.0,45575.0
201209,380,46410.0,20660.0
201209,392,652542.55,290463.0
201209,528,1682399.88,748946.0
201209,604,21582.0,9608.0
201209,643,27.0,12.0
201209,724,111006.0,49416.0
201209,752,11016.0,4904.0
201209,757,28320.0,12606.0
201209,784,486.0,216.0
201209,826,953045.24,424277.0
201209,842,46065644.3,20507991.0
201210,0,54256085.966,17247323.0
201210,56,163112.0,51847.0
201210,124,378244.0,120240.0
201210,156,20.0,6.0
201210,208,64152.0,20391.0
201210,251,274487.49,87239.0
201210,276,169416.072,53852.0
201210,380,4590.0,1459.0
201210,392,573158.87,182162.0
201210,410,1277.0,405.0
201210,528,1500369.68,476897.0
201210,724,32436.0,10311.0
201210,752,5508.0,1750.0
201210,757,3672.0,1166.0
201210,784,486.0,154.0
201210,826,1009362.16,320845.0
201210,842,50075794.694,15918599.0
201211,0,40720371.968,15269856.0
201211,56,116682.0,43754.0
201211,124,375010.0,140626.0
201211,208,85536.0,32076.0
201211,251,258384.0,96884.0
201211,276,68048.0,25518.0
201211,392,180622.07,67705.0
201211,528,1247494.4,467793.0
201211,616,19345.5,7254.0
201211,724,151722.0,56895.0
201211,752,2754.0,1032.0
201211,757,3672.0,1376.0
201211,784,486.0,182.0
201211,826,811086.78,304153.0
201211,842,37399529.218,14024608.0
201212,0,40091957.782,23473314.0
201212,56,7140.0,4180.0
201212,124,289844.0,169702.0
201212,170,48000.0,28104.0
201212,208,85536.0,50080.0
201212,251,180754.484,105818.0
201212,392,170599.83,99857.0
201212,528,634010.064,371182.0
201212,643,21384.0,12520.0
201212,724,88236.0,51660.0
201212,784,486.0,284.0
201212,826,356242.12,208567.0
201212,842,38209725.284,22371360.0
201301,0,32976043.126,19277338.0
201301,56,43968.0,25701.0
201301,124,346448.0,202530.0
201301,208,42768.0,25002.0
201301,251,151220.5,88391.0
201301,276,510.45,294.0
201301,320,120000.0,70152.0
201301,380,9180.0,5366.0
201301,392,158248.6,92486.0
201301,528,522756.288,305585.0
201301,554,125.0,73.0
201301,643,21384.0,12501.0
201301,724,20196.0,11805.0
201301,784,486.0,284.0
201301,826,421970.68,246677.0
201301,842,31116781.608,18190491.0
201302,0,29769568.78,18254275.0
201302,56,5184.0,3178.0
201302,124,221179.0,135624.0
201302,208,64152.0,39336.0
201302,251,200734.07,123080.0
201302,276,144.0,88.0
201302,320,240000.0,147168.0
201302,380,20196.0,12382.0
201302,392,137235.8,84125.0
201302,528,319604.576,195967.0
201302,724,136368.0,83616.0
201302,752,420.0,257.0
201302,784,486.0,298.0
201302,826,387072.0,237343.0
201302,842,28036793.334,17191813.0
201303,0,28732073.326,20824594.0
201303,124,200144.0,145063.0
201303,208,42768.0,30998.0
201303,251,168575.5,122170.0
201303,380,5508.0,3992.0
201303,392,145100.62,105138.0
201303,528,160917.376,116629.0
201303,724,12852.0,9315.0
201303,752,585.0,424.0
201303,784,486.0,352.0
201303,826,188712.0,136773.0
201303,842,27806424.83,20153740.0
201304,0,40007821.472,28468973.0
201304,56,98120.4,69818.0
201304,124,359022.0,255476.0
201304,208,64152.0,45648.0
201304,251,180989.0,128776.0
201304,276,59010.9,41990.0
201304,392,188273.48,133937.0
201304,528,1284259.614,913827.0
201304,616,22572.0,16062.0
201304,724,111660.0,79450.0
201304,752,15338.0,10912.0
201304,784,486.0,345.0
201304,826,1030455.6,733246.0
201304,842,36593482.478,26039486.0
201305,0,45190693.758,25175185.0
201305,56,193474.0,107777.0
201305,84,20.0,11.0
201305,124,422657.0,235461.0
201305,208,106920.0,59565.0
201305,251,332908.0,185445.0
201305,276,199299.4,111025.0
201305,376,49920.0,27810.0
201305,380,173400.88,96591.0
201305,392,203248.66,113191.0
201305,528,2353480.414,1311076.0
201305,554,1000.0,557.0
201305,616,45144.0,25148.0
201305,724,311934.0,173767.0
201305,752,11184.0,6230.0
201305,757,3672.0,2044.0
201305,784,486.0,270.0
201305,826,1814154.0,1010630.0
201305,842,38967791.404,21708587.0
201306,0,42931129.632,19048003.0
201306,56,389120.0,172644.0
201306,124,422519.0,187468.0
201306,208,85536.0,37952.0
201306,251,165909.476,73596.0
201306,276,226410.8,100453.0
201306,344,414.0,183.0
201306,380,85944.0,38129.0
201306,392,167084.38,74094.0
201306,528,2166999.75,961430.0
201306,616,40896.0,18145.0
201306,724,206358.0,91553.0
201306,752,17073.0,7573.0
201306,757,3672.0,1628.0
201306,784,486.0,215.0
201306,804,21384.0,9488.0
201306,826,1764816.0,783031.0
201306,842,37166507.226,16490421.0
201307,0,59589500.444,28423539.0
201307,56,438550.0,209181.0
201307,124,666210.0,317780.0
201307,208,85536.0,40800.0
201307,251,255307.496,121764.0
201307,276,376824.6,179740.0
201307,380,126384.0,60280.0
201307,392,221633.188,105686.0
201307,528,2940167.08,1402391.0
201307,616,22572.0,10766.0
201307,643,21384.0,10200.0
201307,724,200767.0,95759.0
201307,752,14688.0,7006.0
201307,757,3672.0,1750.0
201307,784,450.0,214.0
201307,826,1793129.0,855291.0
201307,842,52422226.08,25004931.0
201308,0,54007551.887,25631284.0
201308,56,257706.0,122297.0
201308,124,332127.0,157625.0
201308,208,85536.0,40592.0
201308,251,354463.451,168203.0
201308,276,257127.4,122027.0
201308,380,100922.0,47890.0
201308,392,292049.2,138559.0
201308,528,3444491.139,1634636.0
201308,616,381169.65,180894.0
201308,643,21384.0,10148.0
201308,724,397367.94,188575.0
201308,752,14688.0,6970.0
201308,757,7344.0,3484.0
201308,784,24822.0,11779.0
201308,826,2796804.0,1327319.0
201308,842,45239550.107,21470286.0
201309,0,55746616.0,24505614.0
201309,56,167520.0,73636.0
201309,124,366039.0,160908.0
201309,208,85536.0,37600.0
201309,251,271935.0,119527.0
201309,276,243252.0,106930.0
201309,344,1094.0,480.0
201309,380,60804.0,26727.0
201309,392,581896.0,255747.0
201309,528,2375452.0,1044194.0
201309,616,183514.0,80671.0
201309,643,42811.0,18818.0
201309,724,91188.0,40084.0
201309,752,14607.0,6420.0
201309,757,28728.0,12628.0
201309,826,1565392.0,688123.0
201309,842,49666848.0,21833121.0
201310,0,53052080.0,23766833.0
201310,56,193738.0,86787.0
201310,124,311586.0,139587.0
201310,208,85536.0,38320.0
201310,251,212345.0,95118.0
201310,276,131613.0,58959.0
201310,380,53874.0,24133.0
201310,392,295554.0,132377.0
201310,528,1818030.0,814437.0
201310,643,42768.0,19160.0
201310,724,96058.0,43030.0
201310,752,11016.0,4934.0
201310,757,7344.0,3288.0
201310,784,420.0,188.0
201310,826,1723812.0,772255.0
201310,842,48068386.0,21534260.0
201311,0,44951698.0,20196157.0
201311,56,270526.0,121537.0
201311,124,347640.0,156192.0
201311,208,83160.0,37361.0
201311,251,321457.0,144411.0
201311,276,167191.0,75114.0
201311,380,6426.0,2887.0
201311,392,168179.0,75525.0
201311,528,1757433.0,789543.0
201311,616,67806.0,30464.0
201311,643,21384.0,9607.0
201311,724,163467.0,73440.0
201311,752,12852.0,5773.0
201311,757,5292.0,2375.0
201311,784,972.0,436.0
201311,826,1382904.0,621303.0
201311,842,40175009.0,18050189.0
201312,0,44588494.0,22311460.0
201312,56,45518.0,22774.0
201312,124,363597.0,181940.0
201312,208,19008.0,9511.0
201312,251,115570.0,57818.0
201312,276,52775.0,26408.0
201312,392,161517.0,80791.0
201312,528,577358.0,288884.0
201312,643,38016.0,19022.0
201312,724,45441.0,22736.0
201312,752,3672.0,1837.0
201312,784,108.0,54.0
201312,826,23516.0,11767.0
201312,842,43142398.0,21587918.0
201401,0,34624364.0,22896600.0
201401,251,120292.0,79539.0
201401,276,700.0,455.0
201401,392,171437.0,113327.0
201401,528,458990.0,303506.0
201401,842,33872945.0,22399773.0
201402,0,26583648.0,28994460.0
201402,251,144547.0,157644.0
201402,392,125274.0,136603.0
201402,842,26313827.0,28700213.0
201403,0,22662811.0,42821107.0
201403,251,64771.0,122373.0
201403,842,22598040.0,42698734.0
201404,0,22466735.0,34886042.0
201404,251,62235.0,96630.0
201404,842,22404500.0,34789412.0
201405,0,35721753.0,26258462.0
201405,56,121342.0,89193.0
201405,124,130944.0,96256.0
201405,276,108015.0,79398.0
201405,380,72132.0,53015.0
201405,392,171271.0,125858.0
201405,528,1967508.0,1446236.0
201405,724,136939.0,100652.0
201405,826,965702.0,709857.0
201405,842,32047900.0,23557997.0
201406,0,48530653.0,20736594.0
201406,251,467042.0,199535.0
201406,276,184596.0,78874.0
201406,380,117448.0,50179.0
201406,392,156305.0,66753.0
201406,724,426214.0,182101.0
201406,826,1287190.0,549988.0
201406,842,45891858.0,19609164.0
201407,0,1641500.0,856766.0
201407,251,322645.0,168397.0
201407,276,148197.0,77356.0
201407,380,65880.0,34384.0
201407,392,183511.0,95749.0
201407,826,921267.0,480880.0
201408,0,2005179.0,1059639.0
201408,380,74466.0,39348.0
201408,392,245744.0,129835.0
201408,826,1684969.0,890456.0
201409,0,4976321.0,2357283.0
201409,251,355007.0,168168.0
201409,392,390921.0,185180.0
201409,528,2655101.0,1257720.0
201409,724,168778.0,79950.0
201409,826,1406514.0,666265.0
201410,0,53800207.0,26953882.0
201410,124,331745.0,166204.0
201410,276,71189.0,35665.0
201410,392,469409.0,235174.0
201410,528,1956345.0,980127.0
201410,826,698124.0,349760.0
201410,842,50273395.0,25186952.0
201411,0,43765862.0,25012174.0
201411,56,188741.0,107866.0
201411,251,429765.0,245610.0
201411,276,56593.0,32342.0
201411,380,44118.0,25213.0
201411,392,217986.0,124579.0
201411,826,862937.0,493168.0
201411,842,41965722.0,23983396.0
201412,0,46820111.0,25264158.0
201412,251,320975.0,173198.0
201412,392,136724.0,73776.0
201412,528,1467075.0,791634.0
201412,826,604557.0,326220.0
201412,842,44290780.0,23899330.0
201501,0,38059866.0,22192736.0
201501,251,197642.0,115246.0
201501,392,166818.0,97272.0
201501,528,694934.0,405215.0
201501,826,181848.0,106036.0
201501,842,36818624.0,21468967.0
201502,0,33892777.0,23175891.0
201502,251,250479.0,171277.0
201502,392,114474.0,78277.0
201502,528,672865.0,460104.0
201502,842,32854959.0,22466233.0
201503,0,37838659.0,42954494.0
201503,251,201767.0,229046.0
201503,410,21308.0,24190.0
201503,528,226160.0,256736.0
201503,842,37389424.0,42444522.0
201504,0,40461323.0,38244027.0
201504,56,216936.0,205047.0
201504,251,178916.0,169111.0
201504,380,31085.0,29382.0
201504,392,176136.0,166483.0
201504,528,999804.0,945015.0
201504,724,41384.0,39116.0
201504,826,399142.0,377268.0
201504,842,38417920.0,36312605.0
201505,0,50495192.0,26802843.0
201505,56,255834.0,135797.0
201505,251,477116.0,253254.0
201505,276,80267.0,42605.0
201505,380,146910.0,77980.0
201505,410,26266.0,13942.0
201505,528,3436063.0,1823866.0
201505,826,1794840.0,952703.0
201505,842,44277896.0,23502696.0
201506,0,53947119.0,20974624.0
201506,124,349953.0,136062.0
201506,251,364038.0,141539.0
201506,276,112166.0,43610.0
201506,380,121504.0,47240.0
201506,410,129013.0,50161.0
201506,826,1540342.0,598883.0
201506,842,51330103.0,19957129.0
201507,0,57344783.0,23241852.0
201507,56,171192.0,69384.0
201507,124,332280.0,134673.0
201507,380,230480.0,93413.0
201507,392,210617.0,85364.0
201507,410,84625.0,34299.0
201507,724,286886.0,116275.0
201507,826,2288077.0,927356.0
201507,842,53740626.0,21781088.0
201508,0,65971225.0,37854279.0
201508,380,120576.0,69187.0
201508,392,178124.0,102207.0
201508,643,131097.0,75223.0
201508,724,166718.0,95663.0
201508,826,1541203.0,884340.0
201508,842,63833507.0,36627659.0
201509,0,63934975.0,36295866.0
201509,124,318519.0,180823.0
201509,251,232754.0,132135.0
201509,392,291143.0,165282.0
201509,528,2314789.0,1314105.0
201509,724,118692.0,67381.0
201509,826,1708104.0,969690.0
201509,842,58950974.0,33466450.0
201510,0,54753273.0,27644924.0
201510,124,220071.0,111114.0
201510,251,310963.0,157005.0
201510,276,163269.0,82434.0
201510,380,55099.0,27820.0
201510,643,107521.0,54288.0
201510,724,196667.0,99297.0
201510,826,2300004.0,1161269.0
201510,842,51399679.0,25951697.0
201511,0,51769437.0,24797562.0
201511,56,203826.0,97632.0
201511,251,426346.0,204220.0
201511,380,155294.0,74386.0
201511,643,44682.0,21403.0
201511,826,1469730.0,704001.0
201511,842,49469559.0,23695920.0
201512,0,50784925.0,23472816.0
201512,56,191691.0,88601.0
201512,124,313689.0,144987.0
201512,251,239825.0,110847.0
201512,380,38946.0,18001.0
201512,392,151026.0,69804.0
201512,528,1328682.0,614118.0
201512,842,48521066.0,22426458.0
201601,0,41441578.0,21015035.0
201601,251,221325.0,112234.0
201601,380,36906.0,18715.0
201601,392,150233.0,76183.0
201601,410,50241.0,25477.0
201601,528,835909.0,423890.0
201601,842,40146964.0,20358536.0
201602,0,43402502.0,27603984.0
201602,251,217151.0,138108.0
201602,392,120746.0,76794.0
201602,410,32587.0,20725.0
201602,528,717797.0,456520.0
201602,826,259128.0,164805.0
201602,842,42055093.0,26747032.0
201603,0,41139614.0,32364523.0
201603,251,158805.0,124931.0
201603,392,185733.0,146117.0
201603,528,499397.0,392875.0
201603,842,40295679.0,31700600.0
201604,0,36610543.0,48388171.0
201604,251,162107.0,214256.0
201604,392,152741.0,201878.0
201604,410,13910.0,18385.0
201604,528,270811.0,357931.0
201604,826,8077.0,10676.0
201604,842,36002897.0,47585045.0
201605,0,50479518.0,57955545.0
201605,56,133670.0,153467.0
201605,251,248942.0,285810.0
201605,276,107708.0,123660.0
201605,380,134016.0,153863.0
201605,392,150472.0,172757.0
201605,410,65544.0,75251.0
201605,528,2553653.0,2931849.0
201605,724,131184.0,150613.0
201605,826,487619.0,559837.0
201605,842,46466710.0,53348438.0
201606,0,54676873.0,33380236.0
201606,56,287940.0,175786.0
201606,251,461010.0,281446.0
201606,380,372847.0,227623.0
201606,392,193366.0,118051.0
201606,410,83157.0,50767.0
201606,724,220094.0,134367.0
201606,826,1211856.0,739839.0
201606,842,51846603.0,31652357.0
201607,0,55574398.0,25480877.0
201607,56,226320.0,103768.0
201607,392,202023.0,92627.0
201607,410,41507.0,19031.0
201607,528,4714074.0,2161402.0
201607,842,50390474.0,23104049.0
201608,0,67500161.0,41890605.0
201608,56,138660.0,86051.0
201608,124,221223.0,137291.0
201608,251,239762.0,148796.0
201608,380,90816.0,56360.0
201608,392,199492.0,123806.0
201608,410,19226.0,11931.0
201608,528,3262002.0,2024401.0
201608,643,89147.0,55325.0
201608,842,63239833.0,39246644.0
201609,0,7668644.0,5308240.0
201609,56,196668.0,136133.0
201609,124,203342.0,140754.0
201609,251,382384.0,264686.0
201609,410,43205.0,29906.0
201609,528,4734341.0,3277114.0
201609,724,106120.0,73457.0
201609,826,2002584.0,1386190.0
201610,0,69718627.0,37892099.0
201610,56,112692.0,61249.0
201610,124,165975.0,90207.0
201610,251,430141.0,233782.0
201610,380,38628.0,20994.0
201610,392,258851.0,140685.0
201610,410,57597.0,31304.0
201610,724,198092.0,107663.0
201610,826,1677528.0,911738.0
201610,842,66779123.0,36294477.0
201611,0,57131176.0,27805723.0
201611,56,138580.0,67447.0
201611,124,276827.0,134732.0
201611,380,126393.0,61515.0
201611,410,72433.0,35253.0
201611,643,82130.0,39972.0
201611,724,203580.0,99082.0
201611,826,1725917.0,840005.0
201611,842,54505316.0,26527717.0
201612,0,49500609.0,30937911.0
201612,251,187644.0,117278.0
201612,392,169905.0,106191.0
201612,410,30229.0,18894.0
201612,724,48868.0,30542.0
201612,842,49063963.0,30665006.0
201701,0,42867895.0,38512529.0
201701,124,186675.0,167708.0
201701,251,121599.0,109244.0
201701,392,119822.0,107647.0
201701,528,729220.0,655132.0
201701,842,41710579.0,37472798.0
201702,0,35224565.0,33850793.0
201702,251,142529.0,136970.0
201702,392,122210.0,117443.0
201702,410,47802.0,45938.0
201702,528,543540.0,522341.0
201702,842,34368484.0,33028101.0
201703,0,50179804.0,49673005.0
201703,56,56340.0,55771.0
201703,251,178354.0,176553.0
201703,380,19170.0,18977.0
201703,392,177303.0,175513.0
201703,410,54239.0,53691.0
201703,528,1198461.0,1186356.0
201703,724,137832.0,136439.0
201703,826,41765.0,41343.0
201703,842,48316340.0,47828362.0
201704,0,47293402.0,34519436.0
201704,56,115548.0,84339.0
201704,124,246089.0,179620.0
201704,214,224560.0,163906.0
201704,251,476248.0,347613.0
201704,380,101964.0,74423.0
201704,392,142960.0,104346.0
201704,410,39429.0,28780.0
201704,528,3337144.0,2435779.0
201704,724,200290.0,146193.0
201704,826,156192.0,114005.0
201704,842,42252978.0,30840432.0
201705,0,75065647.0,39934939.0
201705,56,147504.0,78472.0
201705,251,327018.0,173974.0
201705,380,261117.0,138914.0
201705,410,43919.0,23365.0
201705,528,3136294.0,1668506.0
201705,724,208845.0,111105.0
201705,826,1128030.0,600114.0
201705,842,69812920.0,37140489.0
201706,0,59307763.0,25514212.0
201706,56,92016.0,39585.0
201706,124,223752.0,96258.0
201706,276,286059.0,123063.0
201706,380,406903.0,175050.0
201706,392,205137.0,88250.0
201706,410,52232.0,22470.0
201706,724,329096.0,141577.0
201706,826,1472737.0,633570.0
201706,842,56239831.0,24194389.0
201707,0,66867256.0,34162472.0
201707,276,150188.0,76731.0
201707,380,330647.0,168928.0
201707,392,198268.0,101295.0
201707,410,41462.0,21183.0
201707,724,600372.0,306729.0
201707,842,65546319.0,33487606.0
201708,0,84709346.0,54874700.0
201708,56,105676.0,68457.0
201708,124,316190.0,204827.0
201708,251,161027.0,104314.0
201708,392,202444.0,131143.0
201708,410,67188.0,43525.0
201708,528,3201928.0,2074208.0
201708,826,1958224.0,1268540.0
201708,842,78696669.0,50979686.0
201709,0,76326407.0,48673320.0
201709,56,156852.0,100024.0
201709,124,291328.0,185780.0
201709,251,267022.0,170279.0
201709,276,127547.0,81336.0
201709,392,264506.0,168677.0
201709,410,38188.0,24353.0
201709,528,3074143.0,1960383.0
201709,826,1483132.0,945791.0
201709,842,70623689.0,45036697.0
201710,0,60488208.0,32373299.0
201710,56,126248.0,67567.0
201710,124,253487.0,135666.0
201710,276,317112.0,169718.0
201710,392,389399.0,208407.0
201710,410,66076.0,35364.0
201710,724,143484.0,76792.0
201710,826,1623928.0,869127.0
201710,842,57568474.0,30810658.0
201711,0,59399130.0,36869073.0
201711,56,250192.0,155294.0
201711,124,199422.0,123781.0
201711,380,246479.0,152989.0
201711,392,181340.0,112559.0
201711,410,76462.0,47460.0
201711,528,4117843.0,2555948.0
201711,724,488601.0,303274.0
201711,826,1936512.0,1201996.0
201711,842,51902279.0,32215772.0
201712,0,53665601.0,40587277.0
201712,251,122590.0,92715.0
201712,380,41865.0,31662.0
201712,392,185771.0,140499.0
201712,410,50672.0,38323.0
201712,643,94290.0,71311.0
201712,724,117206.0,88642.0
201712,842,53053207.0,40124125.0
201801,0,46825443.0,36411490.0
201801,124,73893.0,57459.0
201801,276,122027.0,94888.0
201801,392,143280.0,111415.0
201801,410,45992.0,35764.0
201801,724,135462.0,105336.0
201801,842,46304789.0,36006628.0
201802,0,41132878.0,45052794.0
201802,251,102854.0,112656.0
201802,276,75715.0,82930.0
201802,392,115814.0,126852.0
201802,410,45165.0,49470.0
201802,528,684381.0,749603.0
201802,724,104629.0,114600.0
201802,842,40004320.0,43816683.0
201803,0,40410421.0,69513985.0
201803,392,170918.0,294013.0
201803,410,47021.0,80886.0
201803,528,105948.0,182253.0
201803,724,34552.0,59436.0
201803,842,40051982.0,68897397.0
201804,0,45122092.0,61302828.0
201804,56,48532.0,65936.0
201804,251,148719.0,202049.0
201804,392,164353.0,223291.0
201804,410,57122.0,77605.0
201804,528,1010588.0,1372985.0
201804,724,103750.0,140954.0
201804,826,261054.0,354668.0
201804,842,43327974.0,58865340.0
201805,0,69140988.0,55679270.0
201805,56,482483.0,388545.0
201805,251,400515.0,322534.0
201805,276,314977.0,253651.0
201805,380,213682.0,172077.0
201805,392,185331.0,149246.0
201805,410,51754.0,41678.0
201805,528,4080383.0,3285935.0
201805,724,472295.0,380340.0
201805,826,1493818.0,1202975.0
201805,842,61445750.0,49482289.0
201806,0,61470217.0,30249507.0
201806,56,564582.0,277830.0
201806,251,622892.0,306525.0
201806,276,455847.0,224322.0
201806,380,262003.0,128931.0
201806,392,211715.0,104184.0
201806,410,88930.0,43763.0
201806,643,82982.0,40836.0
201806,724,673363.0,331361.0
201806,826,2458224.0,1209691.0
201806,842,56049679.0,27582064.0
201807,0,68102988.0,34507799.0
201807,56,354028.0,179386.0
201807,251,420539.0,213087.0
201807,276,193813.0,98205.0
201807,380,84705.0,42920.0
201807,392,188571.0,95550.0
201807,410,109660.0,55565.0
201807,724,361910.0,183379.0
201807,826,1766383.0,895026.0
201807,842,64623379.0,32744681.0
201808,0,78760145.0,58487294.0
201808,56,290028.0,215375.0
201808,392,254780.0,189201.0
201808,410,78338.0,58174.0
201808,724,376466.0,279564.0
201808,826,1274736.0,946620.0
201808,842,76485797.0,56798360.0
201809,0,65471741.0,42726861.0
201809,124,55858.0,36453.0
201809,251,413467.0,269828.0
201809,380,101519.0,66251.0
201809,410,31815.0,20762.0
201809,724,365874.0,238770.0
201809,826,1399918.0,913589.0
201809,842,63103290.0,41181208.0
201810,0,67843350.0,38935276.0
201810,56,234787.0,134744.0
201810,276,296971.0,170431.0
201810,392,200962.0,115333.0
201810,410,87388.0,50153.0
201810,724,240202.0,137852.0
201810,842,66783040.0,38326763.0
201811,0,57724499.0,29474113.0
201811,56,260526.0,133025.0
201811,251,648999.0,331379.0
201811,276,228112.0,116473.0
201811,380,144858.0,73964.0
201811,410,68291.0,34869.0
201811,643,136944.0,69923.0
201811,724,448142.0,228821.0
201811,826,1104469.0,563941.0
201811,842,54684158.0,27921718.0
201812,0,56680805.0,28419733.0
201812,251,354259.0,177626.0
201812,410,86106.0,43174.0
201812,724,176180.0,88336.0
201812,842,56064260.0,28110597.0
201901,0,54626700.0,33770205.0
201901,251,62769.0,38804.0
201901,276,96485.0,59647.0
201901,392,157988.0,97668.0
201901,410,60011.0,37098.0
201901,528,860989.0,532262.0
201901,724,63112.0,39016.0
201901,842,53325346.0,32965710.0
201902,0,43722828.0,31532905.0
201902,251,61775.0,44553.0
201902,392,114808.0,82800.0
201902,410,75401.0,54380.0
201902,528,347570.0,250666.0
201902,724,78148.0,56361.0
201902,842,43045126.0,31044145.0
201903,0,46141727.0,54198059.0
201903,124,18889.0,22187.0
201903,251,58110.0,68256.0
201903,392,181853.0,213605.0
201903,410,51753.0,60790.0
201903,528,440892.0,517872.0
201903,842,45390230.0,53315349.0
201904,0,51824987.0,55654850.0
201904,124,20336.0,21838.0
201904,251,204331.0,219431.0
201904,392,173298.0,186105.0
201904,410,48163.0,51722.0
201904,528,1068473.0,1147433.0
201904,724,174250.0,187127.0
201904,826,130236.0,139860.0
201904,842,50005900.0,53701334.0
201905,0,71605038.0,51734651.0
201905,56,234475.0,169408.0
201905,124,134515.0,97187.0
201905,251,446034.0,322259.0
201905,276,220824.0,159544.0
201905,380,105037.0,75889.0
201905,392,195634.0,141346.0
201905,410,82165.0,59364.0
201905,528,3344772.0,2416599.0
201905,724,406660.0,293812.0
201905,826,985112.0,711743.0
201905,842,65449810.0,47287500.0
201906,0,61849512.0,31227803.0
201906,251,368103.0,185856.0
201906,276,155548.0,78536.0
201906,380,155295.0,78408.0
201906,392,145418.0,73421.0
201906,410,77536.0,39147.0
201906,724,293481.0,148179.0
201906,826,1373886.0,693674.0
201906,842,59280245.0,29930582.0
201907,0,70045311.0,38538920.0
201907,124,63305.0,34830.0
201907,251,415998.0,228881.0
201907,276,317246.0,174549.0
201907,380,142816.0,78578.0
201907,392,165423.0,91016.0
201907,410,108323.0,59599.0
201907,724,375153.0,206409.0
201907,826,1183182.0,650988.0
201907,842,67273865.0,37014070.0
201908,0,72050308.0,52733621.0
201908,251,260294.0,190510.0
201908,410,95884.0,70177.0
201908,528,3012872.0,2205121.0
201908,724,329368.0,241065.0
201908,826,816370.0,597500.0
201908,842,67535520.0,49429248.0
201909,0,69671359.0,63825909.0
201909,251,121770.0,111554.0
201909,392,180378.0,165245.0
201909,410,91803.0,84101.0
201909,528,1441213.0,1320296.0
201909,724,107729.0,98691.0
201909,842,67728466.0,62046022.0
201910,0,74782070.0,48840181.0
201910,56,164419.0,107382.0
201910,124,91456.0,59730.0
201910,276,269168.0,175794.0
201910,380,53613.0,35015.0
201910,392,173649.0,113410.0
201910,410,105767.0,69076.0
201910,724,197458.0,128960.0
201910,826,879837.0,574621.0
201910,842,72846703.0,47576193.0
201911,0,65482676.0,46060521.0
201911,56,123472.0,86850.0
201911,251,263360.0,185248.0
201911,380,84963.0,59763.0
201911,392,142681.0,100362.0
201911,410,77868.0,54773.0
201911,528,3113972.0,2190365.0
201911,643,140360.0,98729.0
201911,724,360200.0,253364.0
201911,826,926040.0,651376.0
201911,842,60249760.0,42379691.0
201912,0,65140056.0,45682701.0
201912,251,124645.0,87414.0
201912,392,166971.0,117097.0
201912,410,105528.0,74006.0
201912,528,843200.0,591335.0
201912,724,31380.0,22007.0
201912,842,63868332.0,44790842.0
202001,0,53434556.0,34288933.0
202001,251,48718.0,31262.0
202001,276,78798.0,50565.0
202001,392,180265.0,115677.0
202001,410,27119.0,17401.0
202001,528,1222839.0,784696.0
202001,643,96848.0,62147.0
202001,724,81936.0,52578.0
202001,826,137436.0,88193.0
202001,842,51560597.0,33086414.0
202002,0,47960643.0,28191281.0
202002,124,50663.0,29779.0
202002,251,85224.0,50094.0
202002,392,131206.0,77124.0
202002,410,122164.0,71807.0
202002,528,1066255.0,626746.0
202002,724,43380.0,25499.0
202002,826,213071.0,125244.0
202002,842,46248680.0,27184988.0
202003,0,62900949.0,49660291.0
202003,251,46005.0,36321.0
202003,392,119877.0,94642.0
202003,528,519510.0,410153.0
202003,724,58536.0,46214.0
202003,842,62157021.0,49072961.0
202004,0,47684443.0,31309595.0
202004,251,79432.0,52155.0
202004,528,845856.0,555388.0
202004,724,64317.0,42231.0
202004,826,220368.0,144693.0
202004,842,46474470.0,30515128.0
202005,0,70692137.0,40888359.0
202005,56,82000.0,47430.0
202005,124,50287.0,29086.0
202005,251,237287.0,137247.0
202005,380,108621.0,62826.0
202005,392,87006.0,50324.0
202005,528,3488989.0,2018033.0
202005,724,195607.0,113139.0
202005,826,1389590.0,803741.0
202005,842,65052750.0,37626533.0
202006,0,82526820.0,41626521.0
202006,56,56120.0,28307.0
202006,251,193255.0,97479.0
202006,276,211081.0,106469.0
202006,380,140145.0,70689.0
202006,392,172850.0,87186.0
202006,410,166208.0,83835.0
202006,643,107968.0,54459.0
202006,724,272883.0,137643.0
202006,826,953875.0,481135.0
202006,842,80252435.0,40479319.0
202007,0,57393582.0,34797737.0
202007,56,94928.0,57554.0
202007,251,179011.0,108534.0
202007,380,76758.0,46538.0
202007,392,184112.0,111628.0
202007,410,111560.0,67639.0
202007,826,515068.0,312285.0
202007,842,56232145.0,34093559.0
202008,0,76501066.0,63075166.0
202008,380,100866.0,83164.0
202008,410,77092.0,63562.0
202008,528,2424061.0,1998640.0
202008,826,613256.0,505629.0
202008,842,73285791.0,60424171.0
202009,0,81727834.0,58255609.0
202009,124,54976.0,39186.0
202009,380,122226.0,87123.0
202009,392,177399.0,126450.0
202009,410,103241.0,73590.0
202009,528,2926264.0,2085836.0
202009,724,203504.0,145058.0
202009,826,1016144.0,724308.0
202009,842,77124080.0,54974058.0
202010,0,73866090.0,43351999.0
202010,124,54559.0,32020.0
202010,251,275070.0,161440.0
202010,276,93877.0,55096.0
202010,380,73636.0,43217.0
202010,392,212179.0,124527.0
202010,410,104992.0,61620.0
202010,528,1884449.0,1105982.0
202010,643,185616.0,108938.0
202010,724,115089.0,67545.0
202010,826,919861.0,539866.0
202010,842,69946762.0,41051748.0
202011,0,63981322.0,41543079.0
202011,251,58902.0,38245.0
202011,392,132075.0,85756.0
202011,410,122689.0,79662.0
202011,528,661196.0,429314.0
202011,842,63006460.0,40910102.0
202012,0,64873682.0,35868648.0
202012,251,158380.0,87568.0
202012,410,66122.0,36559.0
202012,528,460300.0,254499.0
202012,842,64188880.0,35490022.0
202101,0,47584967.0,33271395.0
202101,251,48658.0,34022.0
202101,392,99151.0,69326.0
202101,528,331168.0,231552.0
202101,842,47105990.0,32936495.0
202102,0,47641359.0,48317845.0
202102,251,38936.0,39489.0
202102,392,86109.0,87332.0
202102,410,81696.0,82855.0
202102,528,98240.0,99635.0
202102,842,47336378.0,48008534.0
202103,0,55098516.0,82565178.0
202103,251,60440.0,90569.0
202103,392,157195.0,235558.0
202103,410,127381.0,190880.0
202103,842,54753500.0,82048171.0
202104,0,44549374.0,55521885.0
202104,251,53622.0,66828.0
202104,392,103172.0,128583.0
202104,842,44392580.0,55326474.0
202105,0,60047695.0,81905011.0
202105,251,84121.0,114742.0
202105,392,119303.0,162730.0
202105,410,88132.0,120211.0
202105,528,269910.0,368157.0
202105,724,50553.0,68954.0
202105,842,59435676.0,81070217.0
202106,0,80063578.0,78214085.0
202106,251,202079.0,197411.0
202106,276,201618.0,196960.0
202106,380,47511.0,46414.0
202106,392,126035.0,123124.0
202106,410,129188.0,126203.0
202106,528,2338245.0,2284227.0
202106,643,243260.0,237641.0
202106,724,240206.0,234657.0
202106,826,877356.0,857089.0
202106,842,75658080.0,73910359.0
202107,0,72265275.0,55196217.0
202107,251,228073.0,174203.0
202107,380,87851.0,67101.0
202107,392,177123.0,135286.0
202107,410,138343.0,105666.0
202107,528,1973323.0,1507227.0
202107,643,211716.0,161709.0
202107,724,94597.0,72253.0
202107,826,943299.0,720492.0
202107,842,68410950.0,52252280.0
202108,0,83365283.0,72002562.0
202108,124,52600.0,45431.0
202108,251,277249.0,239460.0
202108,528,1595260.0,1377827.0
202108,724,146921.0,126895.0
202108,826,456773.0,394514.0
202108,842,80836480.0,69818435.0
202109,0,72818472.0,56376100.0
202109,380,56355.0,43630.0
202109,392,129964.0,100618.0
202109,528,1335173.0,1033691.0
202109,842,71296980.0,55198161.0
202110,0,69753375.0,45067659.0
202110,56,94096.0,60795.0
202110,124,19279.0,12456.0
202110,380,81524.0,52673.0
202110,392,173021.0,111789.0
202110,410,93234.0,60237.0
202110,528,1472851.0,951611.0
202110,643,229531.0,148300.0
202110,724,53659.0,34669.0
202110,842,67536180.0,43635129.0
202111,0,65683065.0,47712205.0
202111,392,164634.0,119589.0
202111,528,976656.0,709442.0
202111,826,249693.0,181377.0
202111,842,64292082.0,46701797.0
202112,0,59368801.0,47002309.0
202112,251,81066.0,64180.0
202112,528,333882.0,264335.0
202112,724,59043.0,46744.0
202112,842,58894810.0,46627050.0
202201,0,42034756.0,66154300.0
202201,251,34748.0,54686.0
202201,392,130081.0,204722.0
202201,528,100350.0,157932.0
202201,842,41769577.0,65736960.0
202202,0,37979664.0,75066806.0
202202,124,59267.0,117141.0
202202,251,31488.0,62236.0
202202,392,80949.0,159995.0
202202,842,37807960.0,74727434.0
202203,0,40794926.0,103011269.0
202203,124,18165.0,45869.0
202203,251,27528.0,69511.0
202203,392,112770.0,284757.0
202203,842,40636463.0,102611132.0
202204,0,40013836.0,80211738.0
202204,124,52653.0,105549.0
202204,392,202557.0,406046.0
202204,410,75677.0,151703.0
202204,842,39682949.0,79548440.0
202205,0,60443156.0,56895142.0
202205,56,70176.0,66056.0
202205,84,22724.0,21390.0
202205,124,99639.0,93789.0
202205,251,51312.0,48300.0
202205,392,174810.0,164549.0
202205,410,121129.0,114019.0
202205,528,591728.0,556994.0
202205,724,50742.0,47764.0
202205,826,164408.0,154757.0
202205,842,59096488.0,55627524.0
202206,0,61691283.0,45108668.0
202206,84,19502.0,14260.0
202206,124,90874.0,66447.0
202206,251,107486.0,78593.0
202206,276,145342.0,106274.0
202206,392,205762.0,150454.0
202206,410,105535.0,77167.0
202206,528,1342448.0,981599.0
202206,724,161917.0,118394.0
202206,826,552711.0,404142.0
202206,842,58959706.0,43111338.0
202207,0,65502023.0,44495525.0
202207,56,53536.0,36367.0
202207,124,97150.0,65994.0
202207,251,82797.0,56245.0
202207,276,72279.0,49100.0
202207,380,114254.0,77613.0
202207,392,227819.0,154757.0
202207,410,87628.0,59526.0
202207,528,1852955.0,1258712.0
202207,724,169360.0,115046.0
202207,826,517717.0,351685.0
202207,842,62226528.0,42270480.0
202208,0,73697793.0,65649991.0
202208,251,75521.0,67274.0
202208,392,155371.0,138404.0
202208,528,641598.0,571535.0
202208,724,72999.0,65027.0
202208,826,264363.0,235494.0
202208,842,72487941.0,64572257.0
202209,0,65188367.0,63610809.0
202209,124,91652.0,89434.0
202209,251,171452.0,167302.0
202209,392,180362.0,175997.0
202209,410,68089.0,66441.0
202209,528,718633.0,701243.0
202209,826,182727.0,178305.0
202209,842,63775452.0,62232087.0
202210,0,70735683.0,50250627.0
202210,56,89000.0,63225.0
202210,124,95009.0,67495.0
202210,251,194831.0,138407.0
202210,392,148677.0,105620.0
202210,410,138797.0,98602.0
202210,528,2614478.0,1857324.0
202210,724,166342.0,118169.0
202210,826,714033.0,507249.0
202210,842,66574516.0,47294536.0
202211,0,69064704.0,45513641.0
202211,124,45179.0,29773.0
202211,251,159438.0,105070.0
202211,392,123203.0,81190.0
202211,528,2024652.0,1334245.0
202211,724,164154.0,108178.0
202211,826,615717.0,405758.0
202211,842,65932361.0,43449427.0
202212,0,81202371.0,69241262.0
202212,84,24480.0,20874.0
202212,124,119196.0,101639.0
202212,251,108634.0,92633.0
202212,392,150634.0,128445.0
202212,528,233028.0,198703.0
202212,842,80566399.0,68698968.0
202301,0,47827788.0,54447137.0
202301,84,14220.0,16188.0
202301,124,95167.0,108338.0
202301,392,128489.0,146272.0
202301,842,47589912.0,54176339.0
202302,0,43698534.0,63651282.0
202302,84,35252.0,51348.0
202302,124,93403.0,136051.0
202302,251,21392.0,31160.0
202302,392,129108.0,188059.0
202302,842,43419379.0,63244664.0
202303,0,44035398.0,79122778.0
202303,84,42244.0,75904.0
202303,251,31904.0,57325.0
202303,392,165469.0,297316.0
202303,842,43795781.0,78692233.0
202304,0,46404738.0,73064332.0
202304,124,23451.0,36924.0
202304,251,83970.0,132210.0
202304,392,158032.0,248820.0
202304,528,173159.0,272639.0
202304,842,45966126.0,72373739.0
202305,0,70757990.0,59146581.0
202305,84,31022.0,25931.0
202305,124,97430.0,81442.0
202305,251,121059.0,101193.0
202305,380,118882.0,99374.0
202305,392,148056.0,123760.0
202305,528,829657.0,693511.0
202305,724,73158.0,61153.0
202305,826,206604.0,172700.0
202305,842,69132122.0,57787517.0
202306,0,62844665.0,44808270.0
202306,84,16859.0,12020.0
202306,124,155721.0,111029.0
202306,251,75825.0,54064.0
202306,380,94833.0,67616.0
202306,392,186007.0,132623.0
202306,410,88753.0,63282.0
202306,528,817780.0,583076.0
202306,826,188627.0,134492.0
202306,842,61220260.0,43650068.0
202307,0,70742922.0,70863178.0
202307,84,12744.0,12766.0
202307,124,84730.0,84874.0
202307,251,74097.0,74223.0
202307,380,79822.0,79958.0
202307,392,193215.0,193544.0
202307,410,102710.0,102885.0
202307,528,714842.0,716057.0
202307,826,326732.0,327287.0
202307,842,69154030.0,69271584.0
202308,0,71241914.0,76834378.0
202308,84,25761.0,27783.0
202308,124,58302.0,62879.0
202308,251,120202.0,129639.0
202308,392,195331.0,210665.0
202308,528,674569.0,727522.0
202308,724,71479.0,77090.0
202308,826,181820.0,196093.0
202308,842,69914450.0,75402707.0
202309,0,64772253.0,87999577.0
202309,84,3366.0,4573.0
202309,124,106280.0,144392.0
202309,251,37872.0,51453.0
202309,392,162705.0,221050.0
202309,842,64462030.0,87578109.0
202310,0,69018486.0,92353618.0
202310,84,6913.0,9250.0
202310,124,31837.0,42601.0
202310,251,30240.0,40464.0
202310,392,168826.0,225905.0
202310,842,68780670.0,92035398.0
202311,0,56881847.0,62609862.0
202311,84,9126.0,10045.0
202311,251,25776.0,28372.0
202311,392,183249.0,201703.0
202311,410,119347.0,131366.0
202311,528,231199.0,254481.0
202311,842,56313150.0,61983895.0
202312,0,61777182.0,60103011.0
202312,124,71619.0,69678.0
202312,392,136546.0,132845.0
202312,410,107057.0,104156.0
202312,842,61461960.0,59796332.0
202401,0,44319075.0,54344013.0
202401,84,11846.0,14526.0
202401,251,30864.0,37845.0
202401,392,143418.0,175859.0
202401,842,44132947.0,54115783.0
202402,0,48249057.0,65145922.0
202402,84,23612.0,31881.0
202402,392,137705.0,185930.0
202402,842,48087740.0,64928111.0
202403,0,46788376.0,67253542.0
202403,84,71071.0,102158.0
202403,392,147650.0,212233.0
202403,842,46569655.0,66939151.0
202404,0,54809982.0,69915630.0
202404,84,161678.0,206237.0
202404,392,176928.0,225690.0
202404,410,79085.0,100881.0
202404,528,58112.0,74128.0
202404,842,54334179.0,69308694.0
202405,0,61216754.0,63261413.0
202405,84,95366.0,98551.0
202405,124,126717.0,130950.0
202405,251,52457.0,54210.0
202405,392,194653.0,201153.0
202405,528,312831.0,323279.0
202405,842,60434730.0,62453270.0
202406,0,60938017.0,59981243.0
202406,84,38885.0,38275.0
202406,124,102345.0,100738.0
202406,251,28844.0,28391.0
202406,392,164805.0,162218.0
202406,528,271018.0,266763.0
202406,842,60332120.0,59384858.0
202407,0,71562282.0,64677949.0
202407,84,39932.0,36091.0
202407,251,60909.0,55050.0
202407,392,178064.0,160935.0
202407,528,350406.0,316696.0
202407,724,97009.0,87676.0
202407,842,70835962.0,64021501.0
202408,0,65460968.0,75195019.0
202408,84,13700.0,15737.0
202408,124,65664.0,75428.0
202408,392,191967.0,220512.0
202408,410,119762.0,137571.0
202408,826,45878.0,52700.0
202408,842,65023997.0,74693071.0
202409,0,65130618.0,107797653.0
202409,84,24628.0,40762.0
202409,124,57780.0,95631.0
202409,392,208325.0,344798.0
202409,410,60748.0,100544.0
202409,842,64779137.0,107215918.0
202410,0,74619825.0,67993593.0
202410,84,11158.0,10167.0
202410,124,132429.0,120669.0
202410,251,79719.0,72640.0
202410,392,171730.0,156480.0
202410,410,156576.0,142672.0
202410,528,476286.0,433992.0
202410,826,137640.0,125417.0
202410,842,73454287.0,66931556.0
202411,0,62779624.0,41848902.0
202411,84,36815.0,24541.0
202411,124,116770.0,77839.0
202411,251,72293.0,48190.0
202411,392,120249.0,80158.0
202411,528,757914.0,505225.0
202411,724,29747.0,19830.0
202411,826,234738.0,156476.0
202411,842,61411098.0,40936643.0
202412,0,73234568.0,60740773.0
202412,84,13866.0,11500.0
202412,124,158192.0,131204.0
202412,251,31635.0,26238.0
202412,392,162873.0,135087.0
202412,528,186639.0,154799.0
202412,724,70994.0,58882.0
202412,842,72610369.0,60223063.0
202501,0,47681670.0,49841640.0
202501,84,13311.0,13914.0
202501,124,51482.0,53814.0
202501,251,14501.0,15158.0
202501,392,140856.0,147236.0
202501,842,47461520.0,49611518.0
202502,0,46847744.0,58901620.0
202502,84,16071.0,20206.0
202502,392,151941.0,191037.0
202502,842,46679732.0,58690377.0
202503,0,48339598.0,58703616.0
202503,84,5172.0,6281.0
202503,124,129444.0,157197.0
202503,251,25744.0,31264.0
202503,392,136845.0,166187.0
202503,558,66240.0,80442.0
202503,842,47976153.0,58262245.0
202504,0,52193076.0,61102449.0
202504,84,32013.0,37478.0
202504,124,81377.0,95268.0
202504,251,27763.0,32503.0
202504,392,154667.0,181069.0
202504,842,51897256.0,60756131.0
202505,0,56884802.0,62977159.0
202505,84,22588.0,25007.0
202505,124,120444.0,133343.0
202505,251,19022.0,21059.0
202505,392,190223.0,210595.0
202505,842,56532525.0,62587155.0
202506,0,61880881.0,80036789.0
202506,84,58143.0,75202.0
202506,124,113346.0,146602.0
202506,251,30566.0,39535.0
202506,392,147047.0,190191.0
202506,842,61531779.0,79585259.0
202507,0,78767007.0,61335844.0
202507,84,16326.0,12713.0
202507,124,84892.0,66106.0
202507,251,38878.0,30274.0
202507,392,182691.0,142261.0
202507,528,413667.0,322123.0
202507,826,221928.0,172815.0
202507,842,77808625.0,60589552.0
202508,0,73737125.0,67167182.0
202508,84,42429.0,38649.0
202508,124,79145.0,72093.0
202508,392,218733.0,199243.0
202508,842,73396818.0,66857197.0
202509,0,82020186.0,107651545.0
202509,84,33008.0,43323.0
202509,124,37161.0,48774.0
202509,392,192034.0,252045.0
202509,842,81757983.0,107307403.0
202510,0,74899373.0,54122289.0
202510,84,25685.0,18560.0
202510,124,57701.0,41695.0
202510,214,381889.0,275953.0
202510,251,21631.0,15631.0
202510,392,171677.0,124054.0
202510,528,386417.0,279225.0
202510,826,161769.0,116895.0
202510,842,73692604.0,53250276.0
202511,0,61426542.0,22641835.0
202511,84,73330.0,27029.0
202511,188,130680.0,48169.0
202511,251,16037.0,5911.0
202511,392,199091.0,73384.0
202511,842,61007404.0,22487342.0
202512,0,72057901.0,47370865.0
202512,84,36048.0,23698.0
202512,124,80737.0,53077.0
202512,188,89550.0,58870.0
202512,251,31160.0,20485.0
202512,392,175094.0,115106.0
202512,842,71645312.0,47099629.0
202601,0,48429773.0,61244290.0
202601,84,17892.0,22626.0
202601,392,152994.0,193476.0
202601,842,48258887.0,61028188.0
202602,0,46073876.0,56933490.0
202602,84,19992.0,24704.0
202602,251,21103.0,26077.0
202602,392,116752.0,144272.0
202602,842,45916029.0,56738437.0
202603,0,48117168.0,87823457.0
202603,84,20775.0,37919.0
202603,392,154477.0,281952.0
202603,842,47941916.0,87503586.0
202604,0,50080691.0,116903358.0
202604,84,14959.0,34919.0
202604,251,20815.0,48589.0
202604,392,154113.0,359746.0
202604,842,49890804.0,116460104.0
202605,0,56559036.0,100296137.0
202605,84,46101.0,81751.0
202605,251,22090.0,39171.0
202605,392,147952.0,262363.0
202605,842,56342893.0,99912852.0
202606,0,67032594.0,59900324.0
202606,84,104103.0,93026.0
202606,251,26698.0,23857.0
202606,392,147762.0,132039.0
202606,528,276008.0,246641.0
202606,842,66478023.0,59404761.0
202607,0,74757595.0,53518963.0
202607,84,74284.0,53180.0
202607,251,43897.0,31426.0
202607,392,209231.0,149788.0
202607,528,524746.0,375665.0
202607,724,156094.0,111749.0
202607,842,73749343.0,52797155.0
