fecha,min,max,frec
2010-01-05,3.0,3.5,3.0
2010-01-06,3.0,4.0,3.5
2010-01-07,3.0,3.5,3.0
2010-01-08,3.0,4.0,3.5
2010-01-11,7.0,8.0,7.5
2010-01-12,7.0,8.0,7.5
2010-01-13,6.0,7.5,6.5
2010-01-14,5.0,6.0,5.5
2010-01-15,5.0,6.0,5.5
2010-01-19,3.5,4.5,4.0
2010-01-20,4.5,6.0,5.0
2010-01-21,4.5,5.5,5.0
2010-01-22,4.0,5.5,5.0
2010-01-25,5.0,6.0,5.5
2010-01-26,4.0,6.0,5.0
2010-01-27,4.5,5.5,5.0
2010-01-28,4.5,5.5,5.0
2010-01-29,4.0,5.5,5.0
2010-02-02,5.0,6.0,5.5
2010-02-03,5.0,6.0,5.5
2010-02-04,5.0,6.0,5.5
2010-02-05,5.0,6.0,5.0
2010-02-08,5.5,7.0,6.0
2010-02-09,5.5,6.5,6.0
2010-02-10,6.0,7.0,6.5
2010-02-11,5.0,6.0,5.5
2010-02-12,5.0,6.0,5.5
2010-02-15,5.5,6.5,6.0
2010-02-16,5.0,6.0,5.5
2010-02-17,6.0,7.0,6.5
2010-02-18,6.0,7.0,6.5
2010-02-19,6.0,7.0,6.5
2010-02-22,5.0,6.5,6.0
2010-02-23,6.0,7.0,6.0
2010-02-24,5.0,6.0,5.5
2010-02-25,5.0,6.0,5.5
2010-02-26,4.0,5.5,5.0
2010-03-01,5.0,7.0,6.0
2010-03-02,5.5,7.0,6.5
2010-03-03,5.5,7.0,6.0
2010-03-04,5.0,6.5,5.5
2010-03-05,5.0,6.5,6.0
2010-03-08,5.0,6.5,6.0
2010-03-09,5.0,6.5,5.5
2010-03-11,5.5,6.5,6.0
2010-03-12,5.0,7.0,6.0
2010-03-16,7.0,8.0,7.0
2010-03-17,6.0,7.0,6.5
2010-03-18,5.0,7.0,6.0
2010-03-19,5.0,6.5,6.0
2010-03-22,6.0,7.0,6.5
2010-03-23,11.0,13.0,12.0
2010-03-24,9.0,12.0,10.0
2010-03-25,10.0,12.0,11.0
2010-03-26,10.0,12.0,11.0
2010-03-29,10.0,12.5,12.0
2010-03-30,10.0,12.0,11.0
2010-03-31,10.0,12.0,11.0
2010-04-05,9.0,11.0,10.0
2010-04-06,11.0,14.0,13.0
2010-04-07,11.0,14.0,12.0
2010-04-08,10.0,13.0,12.0
2010-04-09,10.0,13.0,12.0
2010-04-12,12.0,15.0,14.0
2010-04-13,14.0,15.0,15.0
2010-04-14,13.0,15.0,14.0
2010-04-15,12.0,15.0,14.0
2010-04-16,14.0,16.0,15.0
2010-04-19,15.0,17.0,16.0
2010-04-20,14.0,16.0,15.0
2010-04-21,14.0,16.0,15.0
2010-04-22,14.0,16.0,15.0
2010-04-23,14.0,16.0,15.0
2010-04-26,13.0,15.0,14.0
2010-04-27,13.0,15.0,14.0
2010-04-28,11.0,14.0,12.0
2010-04-29,13.0,16.0,15.0
2010-04-30,14.0,16.0,15.0
2010-05-03,12.0,15.0,13.0
2010-05-04,12.0,14.0,13.0
2010-05-06,12.0,15.0,13.0
2010-05-07,13.0,15.0,14.0
2010-05-10,11.0,14.0,13.0
2010-05-11,15.0,17.0,16.0
2010-05-12,16.0,20.0,18.0
2010-05-13,17.0,20.0,19.0
2010-05-17,18.0,22.0,20.0
2010-05-18,18.0,21.0,20.0
2010-05-19,16.0,20.0,18.0
2010-05-21,16.0,18.0,17.0
2010-05-24,14.0,18.0,16.0
2010-05-25,14.0,18.0,16.0
2010-05-26,13.0,15.0,14.0
2010-05-27,13.0,15.0,14.0
2010-05-28,12.0,16.0,14.0
2010-05-31,11.0,14.0,13.0
2010-06-01,12.0,14.0,13.0
2010-06-02,10.0,12.0,11.0
2010-06-03,10.0,13.0,11.0
2010-06-04,9.0,12.0,10.0
2010-06-08,7.0,10.0,9.0
2010-06-09,8.0,10.0,9.0
2010-06-10,7.0,9.0,8.0
2010-06-11,5.0,7.0,6.0
2010-06-14,5.0,7.0,6.0
2010-06-15,5.0,7.0,6.0
2010-06-16,4.0,5.0,5.0
2010-06-17,4.0,5.0,5.0
2010-06-18,3.0,5.0,4.0
2010-06-21,3.0,5.0,4.0
2010-06-22,3.0,4.0,3.5
2010-06-23,3.0,4.0,3.5
2010-06-24,3.5,4.0,4.0
2010-06-25,3.0,4.0,3.5
2010-06-28,3.5,5.0,4.5
2010-06-29,4.0,5.0,4.5
2010-06-30,4.0,5.0,4.5
2010-07-01,3.5,4.5,4.0
2010-07-02,4.0,5.0,4.5
2010-07-05,3.5,4.5,4.0
2010-07-06,3.5,4.0,4.0
2010-07-07,3.5,4.5,4.0
2010-07-09,3.5,4.5,4.0
2010-07-12,3.0,4.0,3.5
2010-07-13,3.0,4.0,3.5
2010-07-14,3.0,3.5,3.5
2010-07-15,3.0,3.5,3.0
2010-07-16,3.0,4.0,3.5
2010-07-19,3.5,4.5,4.0
2010-07-21,2.5,3.5,3.0
2010-07-22,2.5,3.0,3.0
2010-07-23,3.0,4.0,3.5
2010-07-26,3.5,4.5,4.0
2010-07-27,3.5,4.5,4.0
2010-07-28,3.5,4.0,4.0
2010-07-29,3.5,4.0,3.5
2010-08-02,3.5,4.5,4.0
2010-08-03,3.0,4.0,3.5
2010-08-04,3.0,3.5,3.0
2010-08-05,3.0,3.5,3.0
2010-08-06,3.0,3.5,3.0
2010-08-09,3.0,4.0,3.5
2010-08-10,2.5,3.5,3.0
2010-08-11,3.0,3.5,3.0
2010-08-12,3.0,4.0,3.5
2010-08-13,3.5,4.5,4.0
2010-08-16,3.0,4.0,3.5
2010-08-17,3.5,4.0,3.5
2010-08-18,3.4,4.0,3.5
2010-08-19,3.5,4.0,3.5
2010-08-23,3.0,3.5,3.0
2010-08-25,3.0,4.0,3.5
2010-08-26,3.0,4.0,3.5
2010-08-27,3.0,3.5,3.0
2010-08-30,3.5,4.5,4.0
2010-08-31,3.5,4.0,3.5
2010-09-01,3.5,4.0,3.5
2010-09-02,3.5,4.0,3.5
2010-09-03,3.5,4.0,3.5
2010-09-07,3.5,4.0,3.5
2010-09-09,3.0,4.0,3.5
2010-09-13,3.5,4.0,3.5
2010-09-14,3.5,4.0,3.5
2010-09-20,3.5,4.5,4.0
2010-09-21,3.5,4.5,4.0
2010-09-22,3.0,4.0,3.5
2010-09-23,3.5,4.0,3.5
2010-09-24,3.0,3.5,3.5
2010-09-27,3.5,4.0,3.5
2010-09-28,3.0,3.5,3.5
2010-09-29,3.0,3.5,3.5
2010-09-30,3.0,3.5,3.0
2010-10-01,3.0,3.5,3.5
2010-10-05,3.5,4.0,3.5
2010-10-08,3.0,3.5,3.3
2010-10-12,3.0,3.5,3.3
2010-10-13,3.0,3.5,3.3
2010-10-14,3.0,3.5,3.3
2010-10-18,3.0,4.0,3.5
2010-10-19,3.0,4.0,3.5
2010-10-20,3.5,4.0,3.5
2010-10-22,3.5,4.0,3.5
2010-10-25,3.5,4.0,3.8
2010-10-26,3.5,4.0,3.8
2010-10-27,3.0,4.0,3.5
2010-10-28,3.0,4.0,3.5
2010-10-29,3.0,3.5,3.5
2010-11-03,3.5,4.0,3.8
2010-11-08,5.0,7.0,6.0
2010-11-09,5.0,6.0,5.5
2010-11-10,5.0,6.0,6.0
2010-11-11,5.0,6.0,5.5
2010-11-12,5.0,6.0,5.0
2010-11-16,4.5,5.0,5.0
2010-11-19,5.0,5.5,5.0
2010-11-22,5.0,6.0,5.5
2010-11-24,5.5,6.5,6.0
2010-11-25,5.0,6.0,5.5
2010-11-26,5.0,6.0,5.5
2010-11-29,5.0,6.0,6.0
2010-12-01,5.5,6.5,6.0
2010-12-02,6.5,8.0,7.5
2010-12-03,6.0,7.5,7.0
2010-12-06,7.0,9.0,8.0
2010-12-10,12.0,15.0,14.0
2010-12-15,14.0,16.0,15.0
2010-12-16,12.0,15.0,14.0
2010-12-17,12.0,14.0,13.0
2010-12-20,12.0,15.0,14.0
2010-12-21,12.0,14.0,13.0
2010-12-23,13.0,15.0,14.0
2010-12-27,14.0,15.0,15.0
2010-12-28,13.0,14.0,14.0
2010-12-29,12.0,15.0,13.0
2010-12-30,13.0,15.0,14.0
2010-12-31,13.0,15.0,14.0
2011-01-03,14.0,15.0,15.0
2011-01-04,14.0,15.0,15.0
2011-01-05,15.0,18.0,16.0
2011-01-06,20.0,23.0,22.0
2011-01-07,19.0,23.0,21.0
2011-01-10,20.0,23.0,22.0
2011-01-11,20.0,23.0,22.0
2011-01-12,20.0,22.0,21.0
2011-01-13,20.0,22.0,21.0
2011-01-14,20.0,22.0,21.0
2011-01-18,18.0,22.0,20.0
2011-01-20,17.0,20.0,19.0
2011-01-21,15.0,19.0,17.0
2011-01-25,16.0,18.0,17.0
2011-01-26,16.0,20.0,19.0
2011-01-27,15.0,20.0,17.0
2011-01-28,16.0,20.0,18.0
2011-01-31,18.0,24.0,22.0
2011-02-01,18.0,24.0,21.0
2011-02-02,18.0,24.0,20.0
2011-02-03,18.0,22.0,20.0
2011-02-04,20.0,24.0,22.0
2011-02-08,28.0,32.0,30.0
2011-02-10,30.0,33.0,32.0
2011-02-11,30.0,34.5,32.0
2011-02-14,30.0,34.0,32.0
2011-02-15,30.0,34.0,32.0
2011-02-16,30.0,34.0,32.0
2011-02-17,28.0,32.0,30.0
2011-02-18,26.0,30.0,28.0
2011-02-21,24.0,28.0,26.0
2011-02-22,25.0,28.0,26.0
2011-02-23,24.0,28.0,26.0
2011-02-24,25.0,28.0,26.0
2011-02-25,24.0,26.0,25.0
2011-02-28,28.0,31.0,30.0
2011-03-01,24.0,28.0,26.0
2011-03-02,20.0,25.0,23.0
2011-03-03,22.0,25.0,24.0
2011-03-04,21.0,25.0,23.0
2011-03-07,23.0,25.0,24.0
2011-03-08,22.0,25.0,23.0
2011-03-09,21.0,24.0,23.0
2011-03-10,20.0,22.0,21.0
2011-03-11,20.0,22.0,21.0
2011-03-14,22.0,25.0,23.0
2011-03-15,20.0,23.0,22.0
2011-03-16,20.0,23.0,21.0
2011-03-17,20.0,22.0,20.0
2011-03-18,17.0,22.0,20.0
2011-03-22,18.0,22.0,20.0
2011-03-23,18.0,20.0,18.0
2011-03-24,15.0,20.0,18.0
2011-03-25,13.0,16.0,14.0
2011-03-28,13.0,15.0,14.0
2011-03-29,11.0,13.0,12.0
2011-03-30,10.0,12.0,11.0
2011-03-31,10.0,12.0,11.0
2011-04-01,8.0,10.0,9.0
2011-04-04,6.0,8.0,7.0
2011-04-05,6.0,8.0,7.0
2011-04-06,6.0,8.0,7.5
2011-04-08,5.0,7.0,6.0
2011-04-11,5.0,6.0,5.5
2011-04-13,4.0,5.0,4.5
2011-04-14,4.0,5.0,4.5
2011-04-15,4.0,6.0,5.0
2011-04-18,3.0,5.0,4.0
2011-04-19,4.0,5.0,4.0
2011-04-20,4.0,5.0,4.5
2011-04-26,4.0,5.0,4.5
2011-04-27,4.0,5.0,4.5
2011-04-29,4.0,5.0,4.5
2011-05-02,3.5,4.5,4.0
2011-05-03,3.0,4.0,3.5
2011-05-04,3.0,4.0,3.5
2011-05-06,3.0,4.5,4.0
2011-05-09,3.5,5.0,4.0
2011-05-10,3.5,4.5,4.0
2011-05-11,4.0,5.0,4.5
2011-05-12,4.0,5.0,4.5
2011-05-13,3.5,4.5,4.0
2011-05-16,4.0,5.0,4.5
2011-05-17,4.0,5.0,4.5
2011-05-19,3.5,4.5,4.0
2011-05-20,3.5,4.0,4.0
2011-05-23,3.5,4.5,4.0
2011-05-24,3.0,4.0,3.5
2011-05-25,3.0,4.0,3.5
2011-05-27,3.5,4.5,4.0
2011-05-30,3.5,4.5,4.0
2011-05-31,4.0,5.0,4.5
2011-06-01,3.5,4.0,4.0
2011-06-02,4.0,4.5,4.0
2011-06-03,3.5,4.5,4.0
2011-06-06,3.5,4.5,4.0
2011-06-07,4.0,5.0,4.5
2011-06-08,4.0,5.0,4.5
2011-06-09,4.0,4.5,4.0
2011-06-13,4.0,5.0,4.5
2011-06-14,4.0,5.0,4.5
2011-06-15,3.5,4.5,4.0
2011-06-16,3.5,4.5,4.0
2011-06-17,4.0,4.5,4.5
2011-06-22,3.5,4.5,4.0
2011-06-23,3.0,4.0,3.5
2011-06-27,3.0,4.0,3.5
2011-06-28,3.0,4.0,3.5
2011-06-29,3.0,4.0,3.5
2011-06-30,3.5,4.0,3.5
2011-07-01,3.5,4.0,4.0
2011-07-04,3.0,4.0,3.5
2011-07-05,3.0,4.0,3.5
2011-07-07,3.0,4.0,3.5
2011-07-08,3.0,3.5,3.0
2011-07-11,3.0,3.5,3.5
2011-07-13,3.0,4.0,3.5
2011-07-14,3.0,4.0,3.5
2011-07-15,3.0,4.5,4.0
2011-07-18,3.5,4.5,4.0
2011-07-19,3.5,4.0,3.5
2011-07-20,3.5,4.0,3.5
2011-07-21,3.0,4.0,3.5
2011-07-22,3.0,4.0,3.5
2011-07-25,3.0,4.0,3.5
2011-07-26,3.0,3.5,3.0
2011-07-28,3.0,3.5,3.0
2011-07-29,3.0,3.5,3.0
2011-08-02,3.0,4.0,3.5
2011-08-03,3.0,4.0,3.5
2011-08-05,3.0,3.5,3.5
2011-08-08,3.0,3.5,3.5
2011-08-09,3.0,3.5,3.5
2011-08-10,3.0,4.0,3.5
2011-08-11,3.5,4.0,3.5
2011-08-15,3.5,4.0,4.0
2011-08-16,4.0,5.0,4.5
2011-08-17,3.5,4.5,4.0
2011-08-18,3.5,4.0,4.0
2011-08-22,3.5,4.5,4.0
2011-08-23,3.0,4.0,3.5
2011-08-24,3.5,4.0,3.5
2011-08-25,3.5,4.0,3.5
2011-08-26,3.5,4.5,4.0
2011-08-29,3.5,4.5,4.0
2011-08-30,3.5,4.5,4.0
2011-08-31,3.5,4.5,4.0
2011-09-01,3.5,4.5,4.0
2011-09-02,3.5,4.5,4.0
2011-09-05,3.5,4.5,4.0
2011-09-06,4.0,4.5,4.5
2011-09-07,4.0,4.5,4.0
2011-09-12,4.0,4.5,4.0
2011-09-14,4.0,4.5,4.5
2011-09-15,4.0,5.0,4.5
2011-09-19,4.0,5.0,4.5
2011-09-20,4.0,4.5,4.5
2011-09-21,4.0,4.5,4.0
2011-09-22,4.0,4.5,4.0
2011-09-23,4.0,4.5,4.5
2011-09-26,3.5,4.5,4.0
2011-09-29,3.5,4.5,4.0
2011-10-03,3.5,4.0,4.0
2011-10-04,3.5,4.0,4.0
2011-10-05,3.5,4.5,4.0
2011-10-06,3.5,4.5,4.0
2011-10-07,3.5,4.5,4.0
2011-10-10,3.5,4.0,4.0
2011-10-11,3.5,4.5,4.0
2011-10-12,3.5,4.5,4.0
2011-10-13,4.0,4.5,4.0
2011-10-14,4.0,4.5,4.0
2011-10-17,4.0,4.5,4.0
2011-10-19,3.5,4.5,4.0
2011-10-24,3.5,4.5,4.0
2011-10-25,3.0,4.0,3.5
2011-10-26,3.5,4.5,4.0
2011-10-31,3.5,4.5,4.0
2011-11-01,3.5,4.5,4.0
2011-11-03,3.5,4.5,4.0
2011-11-04,3.5,4.5,4.0
2011-11-07,4.0,4.5,4.0
2011-11-08,4.0,4.5,4.5
2011-11-09,4.0,4.5,4.5
2011-11-10,4.0,4.5,4.0
2011-11-11,4.0,4.5,4.0
2011-11-14,4.0,4.5,4.5
2011-11-15,4.0,4.5,4.0
2011-11-16,4.0,4.5,4.0
2011-11-17,4.0,4.5,4.0
2011-11-18,4.0,4.5,4.0
2011-11-22,4.0,4.5,4.5
2011-11-23,3.5,4.0,4.0
2011-11-24,3.5,4.5,4.0
2011-11-25,3.0,4.0,3.5
2011-11-29,3.5,4.5,4.0
2011-12-05,3.5,4.0,4.0
2011-12-06,3.0,4.0,3.5
2011-12-07,3.5,4.0,4.0
2011-12-08,4.0,5.0,4.5
2011-12-09,4.0,5.0,4.5
2011-12-13,4.0,5.0,4.5
2011-12-14,3.5,4.5,4.0
2011-12-15,4.0,4.5,4.0
2011-12-16,4.0,4.5,4.5
2011-12-19,4.5,5.0,5.0
2011-12-20,4.0,4.5,4.5
2011-12-22,3.5,4.0,4.0
2011-12-23,3.5,4.0,4.0
2011-12-26,3.5,4.5,4.0
2011-12-27,3.5,4.5,4.0
2011-12-28,3.5,4.5,4.0
2011-12-29,3.5,4.5,4.0
2011-12-30,3.5,4.5,4.0
2012-01-02,4.0,4.5,4.0
2012-01-03,3.5,4.5,4.0
2012-01-04,3.5,4.5,4.0
2012-01-05,3.5,4.5,4.0
2012-01-06,3.5,4.5,4.0
2012-01-09,3.5,4.5,4.0
2012-01-10,3.5,4.5,4.0
2012-01-12,3.5,4.5,4.0
2012-01-13,3.5,4.5,4.0
2012-01-16,3.5,4.5,4.0
2012-01-17,3.5,4.5,4.0
2012-01-19,3.5,4.5,4.0
2012-01-23,3.0,4.0,3.5
2012-01-24,3.5,4.5,4.0
2012-01-25,3.5,4.0,4.0
2012-01-26,3.5,4.0,3.5
2012-01-27,3.5,4.0,4.0
2012-01-30,4.0,4.5,4.0
2012-01-31,4.0,4.5,4.0
2012-02-01,3.0,4.0,3.5
2012-02-02,3.5,4.5,4.0
2012-02-03,3.5,4.5,4.0
2012-02-07,4.0,4.5,4.5
2012-02-08,4.0,4.5,4.5
2012-02-09,4.0,4.5,4.5
2012-02-13,4.5,5.0,5.0
2012-02-14,4.5,5.0,5.0
2012-02-16,4.5,5.0,5.0
2012-02-17,4.5,5.0,5.0
2012-02-20,4.5,5.0,5.0
2012-02-22,4.0,5.0,4.5
2012-02-24,4.5,5.0,4.5
2012-02-27,4.0,4.5,4.0
2012-02-28,4.0,4.5,4.0
2012-02-29,4.0,4.5,4.0
2012-03-01,4.0,4.5,4.0
2012-03-02,5.0,6.0,5.5
2012-03-05,4.5,5.0,5.0
2012-03-06,4.5,5.5,5.0
2012-03-07,5.0,6.0,5.5
2012-03-08,5.0,6.0,5.5
2012-03-09,5.0,6.0,5.5
2012-03-12,5.0,6.0,5.5
2012-03-13,5.5,6.0,5.5
2012-03-14,5.5,6.0,5.5
2012-03-15,5.5,6.0,5.5
2012-03-16,5.5,6.5,6.0
2012-03-20,5.5,6.5,6.0
2012-03-21,5.5,6.5,6.0
2012-03-22,5.0,6.0,5.5
2012-03-23,5.5,6.5,6.0
2012-03-26,5.0,6.0,5.5
2012-03-27,5.5,6.0,6.0
2012-03-30,5.0,6.0,5.5
2012-04-02,5.0,6.0,5.5
2012-04-03,5.0,6.0,5.5
2012-04-04,5.5,6.0,6.0
2012-04-09,5.5,6.0,6.0
2012-04-10,5.5,6.0,6.0
2012-04-11,5.5,6.0,5.5
2012-04-12,5.0,6.0,5.5
2012-04-13,5.0,5.5,5.5
2012-04-16,5.0,5.5,5.0
2012-04-17,5.0,5.5,5.0
2012-04-18,4.5,5.5,5.0
2012-04-19,5.0,5.5,5.0
2012-04-20,5.0,5.5,5.0
2012-04-23,5.0,6.0,5.5
2012-04-24,5.0,6.0,5.5
2012-04-25,5.0,5.5,5.0
2012-04-26,5.0,5.5,5.0
2012-04-27,5.0,5.5,5.0
2012-04-30,4.5,5.0,5.0
2012-05-03,4.5,5.0,4.5
2012-05-04,4.0,4.5,4.5
2012-05-07,4.5,5.5,5.0
2012-05-08,4.5,5.5,5.0
2012-05-09,5.0,5.5,5.0
2012-05-10,5.0,5.5,5.0
2012-05-11,5.0,6.0,5.5
2012-05-14,4.5,5.5,5.0
2012-05-15,5.0,6.0,5.5
2012-05-16,5.0,5.5,5.5
2012-05-17,5.0,6.0,5.5
2012-05-18,5.0,6.0,5.5
2012-05-21,5.0,5.5,5.0
2012-05-22,5.0,6.0,5.5
2012-05-23,5.0,5.5,5.0
2012-05-24,5.0,5.5,5.0
2012-05-25,5.0,6.0,5.5
2012-05-28,5.0,6.0,5.5
2012-05-31,5.0,5.5,5.0
2012-06-01,4.5,5.5,5.0
2012-06-04,4.0,5.0,4.5
2012-06-05,4.0,5.0,4.5
2012-06-06,3.5,4.5,4.0
2012-06-07,3.5,4.5,4.0
2012-06-08,3.5,4.5,4.0
2012-06-11,3.0,4.0,3.5
2012-06-12,3.5,4.0,3.75
2012-06-13,3.5,4.0,3.75
2012-06-14,3.5,4.5,4.0
2012-06-15,3.5,4.0,4.0
2012-06-18,4.0,4.5,4.0
2012-06-19,4.0,5.0,4.5
2012-06-20,4.5,5.0,4.5
2012-06-21,4.5,5.0,4.5
2012-06-22,4.0,5.0,4.5
2012-06-25,3.5,4.5,4.0
2012-06-26,4.0,4.5,4.5
2012-06-27,3.5,4.0,4.0
2012-06-28,3.5,4.0,4.0
2012-06-29,3.5,4.0,4.0
2012-07-02,4.0,4.5,4.5
2012-07-03,4.0,4.5,4.5
2012-07-04,3.5,4.0,4.0
2012-07-05,3.0,4.0,3.5
2012-07-06,3.0,4.0,3.5
2012-07-09,3.5,4.0,3.5
2012-07-10,3.0,4.0,3.5
2012-07-11,3.0,4.0,3.5
2012-07-12,3.0,4.0,3.5
2012-07-13,3.0,4.0,3.5
2012-07-16,3.5,4.0,3.5
2012-07-17,3.0,4.0,3.5
2012-07-18,3.0,4.0,3.5
2012-07-19,3.0,4.0,3.5
2012-07-20,3.0,4.0,3.5
2012-07-23,3.0,4.0,3.5
2012-07-24,3.0,4.0,3.5
2012-07-25,3.0,3.5,3.5
2012-07-26,3.0,3.5,3.5
2012-07-27,3.0,3.5,3.5
2012-07-30,3.5,4.0,4.0
2012-07-31,4.0,4.5,4.0
2012-08-01,3.5,4.0,4.0
2012-08-02,3.5,4.0,4.0
2012-08-03,3.5,4.0,4.0
2012-08-06,3.5,4.0,3.5
2012-08-07,3.5,4.0,3.5
2012-08-08,3.5,4.0,3.5
2012-08-09,3.5,4.0,3.5
2012-08-10,3.5,4.0,4.0
2012-08-13,4.0,4.5,4.0
2012-08-14,4.0,4.5,4.0
2012-08-15,4.0,4.5,4.0
2012-08-16,3.0,4.0,3.5
2012-08-17,3.0,3.5,3.5
2012-08-20,3.0,3.5,3.5
2012-08-21,3.0,3.5,3.5
2012-08-22,3.5,4.0,4.0
2012-08-23,3.5,4.0,3.5
2012-08-24,3.0,3.5,3.5
2012-08-27,3.0,4.0,3.5
2012-08-28,3.0,4.0,3.5
2012-08-29,3.0,3.5,3.5
2012-08-30,3.0,3.5,3.5
2012-08-31,3.0,3.5,3.5
2012-09-03,3.0,3.5,3.5
2012-09-04,3.0,3.5,3.5
2012-09-05,3.0,4.0,3.5
2012-09-06,3.5,4.0,4.0
2012-09-07,3.5,4.0,4.0
2012-09-10,4.0,4.5,4.0
2012-09-11,4.0,4.5,4.5
2012-09-12,4.0,4.5,4.5
2012-09-13,4.0,4.5,4.0
2012-09-14,4.0,4.5,4.0
2012-09-17,4.0,5.0,4.5
2012-09-18,3.5,4.5,4.0
2012-09-19,3.5,4.0,4.0
2012-09-20,3.5,4.0,4.0
2012-09-21,4.0,4.5,4.0
2012-09-24,4.0,4.5,4.0
2012-09-25,4.0,4.5,4.0
2012-09-26,3.5,4.0,3.5
2012-09-27,3.5,4.0,4.0
2012-09-28,3.5,4.0,4.0
2012-10-01,3.5,4.0,4.0
2012-10-02,3.5,4.0,4.0
2012-10-03,4.0,5.0,4.5
2012-10-04,3.5,4.5,4.0
2012-10-05,3.5,4.5,4.0
2012-10-08,3.5,4.0,4.0
2012-10-09,3.5,4.5,4.0
2012-10-10,3.5,4.5,4.0
2012-10-11,3.5,4.5,4.0
2012-10-12,3.5,4.5,4.0
2012-10-15,3.5,4.0,4.0
2012-10-16,3.5,4.0,4.0
2012-10-17,3.5,4.0,3.5
2012-10-18,3.5,4.0,4.0
2012-10-19,3.5,4.0,3.5
2012-10-22,3.5,4.5,4.0
2012-10-23,3.5,4.5,4.0
2012-10-24,3.5,4.5,4.0
2012-10-25,3.5,4.5,4.0
2012-10-26,3.5,4.5,4.0
2012-10-29,3.5,4.5,4.0
2012-10-30,3.5,4.5,4.0
2012-10-31,3.5,4.5,4.0
2012-11-01,4.0,5.0,4.5
2012-11-05,4.5,5.0,5.0
2012-11-06,4.0,5.0,4.5
2012-11-07,3.5,4.5,4.0
2012-11-08,3.5,4.0,4.0
2012-11-09,3.5,4.0,4.0
2012-11-12,4.0,4.5,4.0
2012-11-13,3.5,4.5,4.0
2012-11-14,3.5,4.5,4.0
2012-11-15,3.5,4.5,4.0
2012-11-16,3.5,4.5,4.0
2012-11-20,3.5,4.5,4.0
2012-11-21,3.5,4.5,4.0
2012-11-22,3.5,4.5,4.0
2012-11-23,3.5,4.0,4.0
2012-11-26,4.0,4.5,4.0
2012-11-27,4.0,4.5,4.0
2012-11-28,3.5,4.5,4.0
2012-11-29,3.5,4.0,4.0
2012-11-30,3.5,4.0,4.0
2012-12-03,3.5,4.0,4.0
2012-12-04,3.5,4.0,4.0
2012-12-05,3.5,4.0,3.5
2012-12-06,3.5,4.0,3.5
2012-12-07,3.5,4.0,4.0
2012-12-10,3.0,3.5,3.5
2012-12-11,3.0,3.5,3.5
2012-12-12,3.0,3.5,3.5
2012-12-13,3.0,4.0,3.5
2012-12-14,3.5,4.0,4.0
2012-12-17,3.5,4.0,4.0
2012-12-18,3.5,4.0,4.0
2012-12-19,3.5,4.0,4.0
2012-12-20,3.5,4.0,4.0
2012-12-21,4.0,4.5,4.0
2012-12-24,4.5,5.0,4.5
2012-12-26,4.0,5.0,4.5
2012-12-27,4.0,4.5,4.0
2012-12-28,4.0,4.5,4.0
2012-12-31,4.0,4.5,4.0
2013-01-02,4.0,5.0,4.5
2013-01-03,4.0,4.5,4.5
2013-01-04,4.5,5.0,4.5
2013-01-07,4.5,5.0,5.0
2013-01-08,4.5,5.0,5.0
2013-01-09,4.5,5.0,5.0
2013-01-10,4.5,5.0,5.0
2013-01-11,5.0,5.5,5.0
2013-01-14,5.0,5.5,5.0
2013-01-15,5.0,5.5,5.0
2013-01-16,5.0,5.5,5.0
2013-01-17,5.0,5.5,5.0
2013-01-18,4.5,5.5,5.0
2013-01-21,4.5,5.0,4.5
2013-01-22,4.5,5.5,5.0
2013-01-23,4.5,5.0,5.0
2013-01-24,4.0,5.0,4.5
2013-01-25,4.5,5.0,5.0
2013-01-28,4.0,5.0,4.5
2013-01-29,4.0,5.0,4.5
2013-01-30,4.0,4.5,4.5
2013-01-31,4.0,4.5,4.5
2013-02-01,4.0,5.0,4.5
2013-02-05,3.5,4.5,4.0
2013-02-06,3.5,4.5,4.0
2013-02-07,3.5,4.5,4.0
2013-02-08,4.5,5.5,5.0
2013-02-11,4.5,5.5,5.0
2013-02-12,5.0,6.0,5.5
2013-02-13,5.0,6.0,5.5
2013-02-14,6.0,7.0,6.5
2013-02-15,6.0,7.0,6.5
2013-02-18,6.0,7.0,6.5
2013-02-19,5.5,6.0,5.5
2013-02-20,5.5,6.0,5.5
2013-02-21,5.5,6.0,6.0
2013-02-22,6.0,6.5,6.0
2013-02-25,9.0,11.0,10.0
2013-02-26,11.0,13.0,12.0
2013-02-27,10.0,12.0,11.0
2013-02-28,10.0,11.0,10.5
2013-03-01,10.0,11.0,10.5
2013-03-04,10.0,12.0,11.0
2013-03-05,11.0,13.0,12.0
2013-03-06,14.0,15.0,14.0
2013-03-07,13.0,15.0,14.0
2013-03-08,13.0,15.0,14.0
2013-03-11,14.0,16.0,15.0
2013-03-12,14.0,16.0,15.0
2013-03-13,14.0,16.0,15.0
2013-03-14,14.0,16.0,15.0
2013-03-15,14.0,16.0,15.0
2013-03-19,14.0,15.0,15.0
2013-03-20,14.0,15.0,15.0
2013-03-21,14.0,15.0,15.0
2013-03-22,14.0,15.0,15.0
2013-03-25,15.0,16.0,15.0
2013-03-26,15.0,16.0,15.0
2013-03-27,14.0,15.0,15.0
2013-04-01,14.0,16.0,15.0
2013-04-02,15.0,18.0,16.0
2013-04-03,15.0,17.0,16.0
2013-04-04,15.0,17.0,16.0
2013-04-05,15.0,17.0,16.0
2013-04-08,13.0,15.0,14.0
2013-04-09,13.0,15.0,14.0
2013-04-10,13.0,15.0,14.0
2013-04-11,13.0,14.0,14.0
2013-04-12,14.0,16.0,15.0
2013-04-15,15.0,16.0,16.0
2013-04-16,15.0,16.0,15.0
2013-04-17,15.0,17.0,16.0
2013-04-18,15.0,17.0,16.0
2013-04-19,14.0,16.0,15.0
2013-04-22,15.0,16.0,15.0
2013-04-23,15.0,16.0,15.0
2013-04-24,15.0,16.0,15.0
2013-04-25,15.0,16.0,15.0
2013-04-26,15.0,16.0,15.0
2013-04-29,14.0,15.0,15.0
2013-04-30,14.0,16.0,15.0
2013-05-02,14.0,15.0,15.0
2013-05-03,14.0,15.0,15.0
2013-05-06,12.0,13.0,12.5
2013-05-07,11.0,12.0,11.5
2013-05-08,11.0,12.0,11.5
2013-05-09,11.0,12.0,11.5
2013-05-10,10.0,11.0,10.0
2013-05-13,9.0,10.0,10.0
2013-05-14,9.0,10.0,10.0
2013-05-15,8.0,9.0,9.0
2013-05-16,8.0,9.0,9.0
2013-05-17,8.0,9.0,9.0
2013-05-20,7.0,8.0,7.5
2013-05-21,7.0,8.0,7.5
2013-05-22,6.0,8.0,7.0
2013-05-23,7.0,8.0,7.5
2013-05-24,7.0,8.0,7.5
2013-05-27,6.0,8.0,7.0
2013-05-28,6.0,7.0,7.0
2013-05-29,6.0,7.0,7.0
2013-05-30,6.0,7.0,7.0
2013-05-31,6.0,7.0,7.0
2013-06-03,5.0,6.0,5.5
2013-06-04,5.0,6.0,5.5
2013-06-05,5.0,6.0,5.5
2013-06-06,3.0,3.5,3.5
2013-06-07,4.0,6.0,5.0
2013-06-10,4.0,6.0,5.0
2013-06-11,4.0,6.0,5.0
2013-06-12,5.0,6.0,5.0
2013-06-13,5.0,6.0,5.0
2013-06-14,5.0,6.0,5.0
2013-06-17,5.0,6.0,5.0
2013-06-18,4.0,6.0,5.0
2013-06-19,4.0,5.0,4.5
2013-06-20,4.0,5.0,4.5
2013-06-21,4.0,5.0,4.5
2013-06-24,4.0,5.0,4.5
2013-06-25,4.0,5.0,4.5
2013-06-26,4.0,5.0,4.5
2013-06-27,4.0,5.0,4.5
2013-06-28,4.0,5.0,4.5
2013-07-01,3.5,4.0,4.0
2013-07-02,3.5,4.0,4.0
2013-07-03,3.5,4.0,4.0
2013-07-04,3.5,4.0,4.0
2013-07-05,3.5,4.0,3.5
2013-07-08,3.0,4.0,3.5
2013-07-09,3.0,4.0,3.5
2013-07-10,3.0,4.0,3.5
2013-07-11,3.0,4.0,3.5
2013-07-12,3.0,4.0,3.5
2013-07-15,3.0,4.0,3.5
2013-07-16,3.0,4.0,3.5
2013-07-17,3.0,4.0,3.5
2013-07-18,3.0,4.0,3.5
2013-07-19,3.0,3.5,3.0
2013-07-22,3.0,3.5,3.0
2013-07-23,3.0,3.5,3.0
2013-07-24,3.0,3.5,3.0
2013-07-25,3.0,3.5,3.0
2013-07-26,2.5,3.5,3.0
2013-07-29,3.0,4.0,3.5
2013-07-30,3.0,3.5,3.0
2013-07-31,3.0,3.5,3.0
2013-08-01,3.0,3.5,3.0
2013-08-02,3.0,4.0,3.5
2013-08-05,3.5,4.0,4.0
2013-08-06,3.5,4.5,4.0
2013-08-07,3.5,4.5,4.0
2013-08-08,3.0,3.5,3.5
2013-08-09,3.0,3.5,3.5
2013-08-12,3.0,3.5,3.5
2013-08-13,3.0,3.5,3.5
2013-08-14,3.0,3.5,3.25
2013-08-15,3.0,4.0,3.5
2013-08-16,3.5,4.0,4.0
2013-08-19,3.5,4.0,4.0
2013-08-20,3.5,4.0,4.0
2013-08-21,3.5,4.0,3.5
2013-08-22,3.5,4.0,3.5
2013-08-23,3.5,4.0,4.0
2013-08-26,3.5,4.5,4.0
2013-08-27,3.5,4.5,4.0
2013-08-28,3.5,4.0,4.0
2013-08-29,3.0,4.0,3.5
2013-08-30,3.5,4.0,4.0
2013-09-02,3.5,4.0,4.0
2013-09-03,3.5,4.0,4.0
2013-09-04,3.5,4.0,4.0
2013-09-05,3.5,4.5,4.0
2013-09-06,3.5,4.0,4.0
2013-09-09,3.5,4.5,4.0
2013-09-10,3.5,4.5,4.0
2013-09-11,3.5,4.0,4.0
2013-09-12,3.5,4.0,4.0
2013-09-13,3.5,4.5,4.0
2013-09-17,4.0,4.5,4.0
2013-09-18,4.0,4.5,4.0
2013-09-19,4.0,4.5,4.0
2013-09-20,4.0,4.5,4.5
2013-09-23,4.0,4.5,4.0
2013-09-24,3.5,4.0,4.0
2013-09-25,4.0,4.5,4.0
2013-09-26,4.0,4.5,4.0
2013-09-27,4.0,4.5,4.0
2013-09-30,3.5,4.0,4.0
2013-10-01,3.5,4.0,4.0
2013-10-02,3.5,4.0,4.0
2013-10-03,3.5,4.5,4.0
2013-10-04,3.5,4.0,3.5
2013-10-07,3.0,4.0,3.5
2013-10-08,3.0,4.0,3.5
2013-10-09,3.0,4.0,3.5
2013-10-10,3.0,3.5,3.5
2013-10-11,3.0,3.5,3.5
2013-10-14,3.5,4.0,4.0
2013-10-15,3.0,3.5,3.5
2013-10-16,3.0,3.5,3.5
2013-10-17,3.0,3.5,3.5
2013-10-18,3.0,3.5,3.5
2013-10-21,3.0,3.5,3.5
2013-10-22,3.0,4.0,3.5
2013-10-23,3.0,4.0,3.5
2013-10-24,3.0,4.0,3.5
2013-10-25,3.5,4.5,4.0
2013-10-28,3.5,4.0,4.0
2013-10-29,3.5,4.0,3.5
2013-10-30,3.5,4.0,3.5
2013-10-31,3.5,4.0,3.5
2013-11-01,3.5,4.0,3.5
2013-11-04,3.5,4.5,4.0
2013-11-05,3.5,4.0,4.0
2013-11-06,3.0,4.0,3.5
2013-11-07,3.0,4.0,3.5
2013-11-08,3.0,3.5,3.5
2013-11-11,3.0,4.0,3.5
2013-11-12,3.0,4.0,3.5
2013-11-13,3.0,4.0,3.5
2013-11-14,3.0,4.0,3.5
2013-11-15,3.0,4.0,3.5
2013-11-19,3.5,4.0,4.0
2013-11-20,3.0,4.0,3.5
2013-11-21,3.5,4.0,3.5
2013-11-22,3.5,4.0,3.5
2013-11-25,3.0,4.0,3.5
2013-11-26,3.0,4.0,3.5
2013-11-27,3.5,4.0,3.5
2013-11-28,3.5,4.0,3.5
2013-11-29,3.5,4.0,4.0
2013-12-02,3.5,4.5,4.0
2013-12-03,3.5,4.5,4.0
2013-12-04,3.0,4.0,3.5
2013-12-05,3.5,4.5,4.0
2013-12-06,3.5,4.5,4.0
2013-12-09,4.0,4.5,4.5
2013-12-10,4.0,4.5,4.5
2013-12-11,4.0,4.5,4.5
2013-12-12,3.5,4.5,4.0
2013-12-13,4.0,4.5,4.0
2013-12-16,4.0,4.5,4.5
2013-12-17,4.0,5.0,4.5
2013-12-18,3.5,4.5,4.0
2013-12-19,3.5,4.5,4.0
2013-12-20,4.0,4.5,4.0
2013-12-23,4.5,6.0,5.0
2013-12-24,4.0,5.0,4.5
2013-12-26,5.0,6.0,5.5
2013-12-27,4.0,6.0,5.0
2013-12-30,4.0,5.0,4.5
2013-12-31,4.0,5.0,4.5
2014-01-02,4.0,5.0,4.5
2014-01-03,5.0,7.0,6.0
2014-01-06,6.0,7.0,6.5
2014-01-07,7.0,8.5,8.0
2014-01-08,7.0,8.0,7.5
2014-01-09,7.0,8.0,7.5
2014-01-10,7.0,8.0,7.5
2014-01-13,8.0,10.0,9.0
2014-01-14,7.0,8.0,8.0
2014-01-15,7.0,8.0,8.0
2014-01-16,7.0,8.0,8.0
2014-01-17,7.0,8.0,8.0
2014-01-20,7.0,8.0,8.0
2014-01-21,7.0,8.0,8.0
2014-01-22,8.0,8.5,8.0
2014-01-23,7.0,8.0,8.0
2014-01-24,7.0,8.0,7.5
2014-01-27,7.0,8.0,7.5
2014-01-28,7.0,8.0,7.5
2014-01-29,7.0,8.0,7.5
2014-01-30,7.0,8.0,7.5
2014-01-31,7.0,8.0,7.5
2014-02-04,10.0,11.0,11.0
2014-02-05,11.0,12.0,12.0
2014-02-06,11.0,13.0,12.0
2014-02-07,11.0,14.0,12.0
2014-02-10,11.0,14.0,12.0
2014-02-11,12.0,13.0,12.0
2014-02-12,12.0,13.0,12.5
2014-02-13,15.0,16.0,15.0
2014-02-14,15.0,17.0,16.0
2014-02-17,16.0,18.0,17.0
2014-02-18,16.0,19.0,17.0
2014-02-19,17.0,19.0,18.0
2014-02-20,17.0,19.0,18.0
2014-02-21,18.0,20.0,19.0
2014-02-24,17.0,19.0,18.0
2014-02-25,16.0,18.0,17.0
2014-02-26,17.0,20.0,19.0
2014-02-27,17.0,20.0,19.0
2014-02-28,20.0,24.0,22.0
2014-03-03,20.0,24.0,22.0
2014-03-04,25.0,29.0,26.0
2014-03-05,28.0,33.0,30.0
2014-03-06,30.0,35.0,33.0
2014-03-07,35.0,40.0,37.5
2014-03-10,35.0,40.0,37.5
2014-03-11,35.0,40.0,37.5
2014-03-12,35.0,40.0,37.5
2014-03-13,35.0,40.0,37.5
2014-03-14,35.0,38.0,37.5
2014-03-18,35.0,38.0,37.0
2014-03-19,35.0,38.0,37.0
2014-03-20,35.0,38.0,37.0
2014-03-21,35.0,45.0,40.0
2014-03-24,37.5,40.0,40.0
2014-03-25,40.0,45.0,40.0
2014-03-26,40.0,50.0,45.0
2014-03-27,40.0,49.0,45.0
2014-03-28,40.0,50.0,45.0
2014-03-31,40.0,45.0,45.0
2014-04-01,40.0,45.0,45.0
2014-04-02,40.0,45.0,40.0
2014-04-03,40.0,45.0,40.0
2014-04-04,35.0,40.0,37.5
2014-04-07,30.0,40.0,35.0
2014-04-08,25.0,30.0,30.0
2014-04-09,25.0,30.0,30.0
2014-04-10,25.0,30.0,30.0
2014-04-11,25.0,30.0,30.0
2014-04-14,20.0,30.0,25.0
2014-04-15,20.0,25.0,25.0
2014-04-16,20.0,25.0,25.0
2014-04-21,25.0,30.0,30.0
2014-04-22,25.0,30.0,28.0
2014-04-23,25.0,30.0,28.0
2014-04-24,20.0,25.0,23.0
2014-04-25,25.0,35.0,30.0
2014-04-28,25.0,35.0,30.0
2014-04-29,25.0,30.0,28.0
2014-04-30,20.0,25.0,23.0
2014-05-02,20.0,25.0,23.0
2014-05-06,15.0,20.0,18.0
2014-05-07,15.0,20.0,18.0
2014-05-08,13.0,15.0,15.0
2014-05-09,13.0,15.0,15.0
2014-05-12,13.0,15.0,14.0
2014-05-13,12.0,15.0,13.0
2014-05-14,13.0,15.0,14.0
2014-05-15,12.0,13.0,13.0
2014-05-16,10.0,14.0,13.0
2014-05-19,10.0,13.0,12.0
2014-05-20,8.0,10.0,10.0
2014-05-21,8.0,12.0,10.0
2014-05-22,8.0,10.0,9.0
2014-05-23,7.0,10.0,9.0
2014-05-26,7.0,10.0,8.0
2014-05-27,6.0,10.0,8.0
2014-05-28,6.0,9.0,8.0
2014-05-29,6.0,9.0,8.0
2014-05-30,7.0,10.0,9.0
2014-06-02,6.0,9.0,8.0
2014-06-03,6.0,10.0,8.0
2014-06-04,7.0,9.0,8.0
2014-06-05,7.0,9.0,8.0
2014-06-06,7.0,9.0,8.0
2014-06-09,7.0,8.0,8.0
2014-06-10,6.0,8.0,7.0
2014-06-11,6.0,8.0,7.0
2014-06-12,4.0,6.0,5.0
2014-06-13,5.0,7.0,6.0
2014-06-16,5.0,8.0,7.0
2014-06-17,6.0,9.0,8.0
2014-06-18,5.0,8.0,7.0
2014-06-19,5.0,8.0,7.0
2014-06-20,4.0,7.0,6.0
2014-06-23,4.0,7.0,6.0
2014-06-24,4.0,7.0,6.0
2014-06-25,4.0,7.0,6.0
2014-06-26,4.0,6.0,5.0
2014-06-27,4.0,7.0,5.0
2014-06-30,4.0,7.0,6.0
2014-07-01,4.0,7.0,6.0
2014-07-02,4.0,6.0,5.0
2014-07-03,4.0,6.0,5.0
2014-07-04,4.0,6.0,5.0
2014-07-07,4.0,6.0,5.0
2014-07-08,4.0,6.0,5.0
2014-07-09,4.0,6.0,5.0
2014-07-10,4.0,6.0,5.0
2014-07-11,4.0,6.0,5.0
2014-07-14,4.0,6.0,5.0
2014-07-15,4.0,5.0,4.0
2014-07-16,4.0,6.0,5.0
2014-07-17,4.0,6.0,5.0
2014-07-18,4.0,6.0,5.0
2014-07-21,3.0,5.0,4.0
2014-07-22,3.0,5.0,4.0
2014-07-23,3.0,5.0,4.0
2014-07-24,3.0,6.0,5.0
2014-07-25,3.0,6.0,5.0
2014-07-28,3.0,5.0,4.0
2014-07-29,4.0,6.0,5.0
2014-07-30,3.0,6.0,4.0
2014-07-31,3.0,5.0,4.0
2014-08-01,3.0,5.0,4.0
2014-08-04,3.0,5.0,4.0
2014-08-05,4.0,6.0,5.0
2014-08-06,4.0,5.0,4.0
2014-08-07,4.0,5.0,4.5
2014-08-08,4.0,5.0,4.5
2014-08-11,4.0,5.0,4.5
2014-08-12,4.0,5.0,4.5
2014-08-13,4.0,5.0,4.5
2014-08-14,4.0,5.0,4.5
2014-08-15,4.0,5.0,5.0
2014-08-18,4.0,6.0,5.0
2014-08-19,5.0,6.0,5.0
2014-08-20,4.0,6.0,5.0
2014-08-21,4.0,6.0,5.0
2014-08-22,4.0,6.0,5.0
2014-08-25,4.0,6.0,5.0
2014-08-26,4.0,6.0,5.0
2014-08-27,4.0,6.0,5.0
2014-08-28,4.0,6.5,5.0
2014-08-29,4.0,6.0,5.0
2014-09-01,4.0,6.0,5.0
2014-09-02,4.0,6.0,5.0
2014-09-03,4.0,6.0,5.0
2014-09-04,4.0,6.0,5.0
2014-09-05,4.0,6.0,5.0
2014-09-08,4.0,5.0,4.5
2014-09-09,4.0,5.0,4.5
2014-09-10,4.0,5.0,4.5
2014-09-11,4.0,5.0,4.5
2014-09-12,4.0,6.0,5.0
2014-09-15,4.0,6.0,5.0
2014-09-17,4.0,6.0,5.0
2014-09-18,4.0,6.0,5.0
2014-09-19,4.0,6.0,5.0
2014-09-22,4.0,5.0,4.5
2014-09-23,4.0,6.0,5.0
2014-09-24,4.0,5.0,4.5
2014-09-25,4.0,5.0,4.5
2014-09-26,4.0,5.0,4.5
2014-09-29,3.0,5.0,4.0
2014-09-30,3.0,4.0,4.0
2014-10-01,3.0,5.0,4.0
2014-10-02,3.0,5.0,4.0
2014-10-03,3.0,5.0,4.0
2014-10-06,3.0,5.0,4.0
2014-10-07,4.0,5.0,4.5
2014-10-08,4.0,5.0,4.5
2014-10-09,4.0,5.0,4.5
2014-10-10,3.0,5.0,4.0
2014-10-13,4.0,5.0,4.5
2014-10-14,4.0,5.0,4.5
2014-10-15,3.0,4.0,4.0
2014-10-16,3.0,4.0,4.0
2014-10-17,3.0,4.0,4.0
2014-10-20,3.5,4.0,4.0
2014-10-21,3.5,4.5,4.0
2014-10-22,3.5,4.5,4.0
2014-10-23,4.0,5.0,4.5
2014-10-24,3.5,5.0,4.5
2014-10-27,4.0,6.0,5.0
2014-10-28,4.0,6.0,5.0
2014-10-29,4.0,6.0,5.0
2014-10-30,4.0,6.0,5.0
2014-10-31,4.0,5.0,5.0
2014-11-03,4.0,5.0,4.5
2014-11-04,4.0,5.0,4.5
2014-11-05,4.0,6.0,5.0
2014-11-06,4.0,6.0,5.0
2014-11-07,4.0,6.0,5.0
2014-11-10,4.0,6.0,5.0
2014-11-11,4.0,6.0,5.0
2014-11-12,4.5,6.0,5.0
2014-11-13,4.0,6.0,5.0
2014-11-14,4.0,6.0,5.0
2014-11-18,4.0,6.0,5.0
2014-11-19,4.0,6.0,5.0
2014-11-20,4.0,5.0,4.5
2014-11-21,4.0,6.0,5.0
2014-11-24,4.0,6.0,5.0
2014-11-25,4.0,6.0,5.0
2014-11-26,4.0,6.0,5.0
2014-11-27,4.0,6.0,5.0
2014-11-28,4.0,6.0,5.0
2014-12-01,4.0,6.0,5.0
2014-12-02,4.0,6.0,5.0
2014-12-03,4.0,6.0,5.0
2014-12-04,4.0,6.0,5.0
2014-12-05,4.0,6.0,5.0
2014-12-08,4.0,6.0,5.0
2014-12-09,4.0,6.0,5.0
2014-12-10,4.0,6.0,5.0
2014-12-11,4.0,6.0,5.0
2014-12-12,4.0,6.0,5.0
2014-12-15,4.0,6.0,5.0
2014-12-16,5.0,6.0,5.5
2014-12-17,4.0,6.0,5.0
2014-12-18,4.0,6.0,5.0
2014-12-19,4.0,6.0,5.0
2014-12-22,4.0,6.0,5.0
2014-12-23,4.0,6.0,5.0
2014-12-24,4.0,6.0,5.0
2014-12-26,4.0,6.0,5.0
2014-12-29,4.0,6.0,5.0
2014-12-30,4.0,6.0,5.0
2014-12-31,4.0,6.0,5.0
2015-01-02,4.0,6.0,5.0
2015-01-05,5.0,6.0,5.0
2015-01-06,5.0,6.0,5.5
2015-01-07,5.5,7.0,6.0
2015-01-08,6.0,8.0,7.0
2015-01-09,6.0,8.0,7.0
2015-01-12,6.0,8.0,7.0
2015-01-13,6.0,8.0,7.0
2015-01-14,5.0,8.0,7.0
2015-01-15,5.0,8.0,6.0
2015-01-16,5.0,8.0,6.0
2015-01-19,5.0,7.0,6.0
2015-01-20,5.0,7.0,6.0
2015-01-21,5.0,7.0,6.0
2015-01-22,5.0,6.0,5.5
2015-01-23,5.0,6.0,5.5
2015-01-26,4.0,6.0,5.0
2015-01-27,4.0,5.0,4.5
2015-01-28,4.0,6.0,5.0
2015-01-29,4.0,6.0,5.0
2015-01-30,4.0,6.0,5.0
2015-02-03,4.0,6.0,5.0
2015-02-04,4.0,6.0,5.0
2015-02-05,4.0,6.0,5.0
2015-02-06,5.0,6.0,5.5
2015-02-09,4.0,6.0,5.0
2015-02-10,4.0,6.0,5.0
2015-02-11,4.0,6.0,5.0
2015-02-12,4.0,6.0,5.0
2015-02-13,4.0,6.0,5.0
2015-02-16,5.0,6.0,5.5
2015-02-17,5.0,6.0,5.5
2015-02-18,4.0,6.0,5.0
2015-02-19,5.0,6.0,5.5
2015-02-20,5.0,6.0,5.5
2015-02-23,5.0,6.0,5.5
2015-02-24,5.0,6.0,5.5
2015-02-25,5.0,6.0,5.5
2015-02-26,5.0,8.0,6.0
2015-02-27,5.0,7.0,6.0
2015-03-02,6.0,7.0,6.5
2015-03-03,5.0,7.0,6.0
2015-03-04,5.0,7.0,6.0
2015-03-05,5.0,7.0,6.0
2015-03-06,5.0,7.0,6.0
2015-03-09,5.0,7.0,6.0
2015-03-10,6.0,8.0,7.0
2015-03-11,6.0,8.0,7.0
2015-03-12,6.0,8.0,7.0
2015-03-13,6.0,8.0,7.0
2015-03-17,7.0,10.0,9.0
2015-03-18,7.0,10.0,8.0
2015-03-19,8.0,11.0,9.0
2015-03-20,8.0,11.0,9.0
2015-03-23,8.0,11.0,10.0
2015-03-24,8.0,11.0,10.0
2015-03-25,8.0,12.0,10.0
2015-03-26,9.0,12.0,11.0
2015-03-27,10.0,13.0,11.0
2015-03-30,10.0,13.0,11.0
2015-03-31,10.0,13.0,11.0
2015-04-01,10.0,13.0,11.0
2015-04-06,8.0,10.0,9.0
2015-04-07,8.0,10.0,9.0
2015-04-08,8.0,10.0,9.0
2015-04-09,8.0,10.0,9.0
2015-04-10,8.0,10.0,9.0
2015-04-13,8.0,12.0,10.0
2015-04-14,9.0,12.0,10.0
2015-04-15,8.0,10.0,9.0
2015-04-16,8.0,10.0,9.0
2015-04-17,8.0,10.0,9.0
2015-04-20,8.0,10.0,9.0
2015-04-21,8.0,10.0,9.0
2015-04-22,9.0,10.0,10.0
2015-04-23,8.0,10.0,9.0
2015-04-24,12.0,15.0,14.0
2015-04-27,12.0,15.0,14.0
2015-04-28,10.0,15.0,13.0
2015-04-29,10.0,15.0,13.0
2015-04-30,10.0,15.0,13.0
2015-05-04,10.0,12.0,11.0
2015-05-06,10.0,13.0,11.0
2015-05-07,10.0,12.0,11.0
2015-05-08,10.0,12.0,11.0
2015-05-11,8.0,10.0,9.0
2015-05-12,7.0,10.0,9.0
2015-05-13,8.0,11.0,10.0
2015-05-14,8.0,9.0,8.5
2015-05-15,7.0,9.0,8.0
2015-05-18,7.0,9.0,8.0
2015-05-19,5.0,8.0,7.0
2015-05-20,5.0,8.0,7.0
2015-05-21,5.0,8.0,7.0
2015-05-22,5.0,8.0,7.0
2015-05-25,5.0,8.0,7.0
2015-05-26,5.0,7.0,6.0
2015-05-27,5.0,7.0,6.0
2015-05-28,5.0,7.0,6.0
2015-05-29,5.0,7.0,6.0
2015-06-01,5.0,7.0,6.0
2015-06-02,5.0,7.0,6.0
2015-06-03,5.0,6.0,5.5
2015-06-04,5.0,6.0,5.5
2015-06-05,5.0,6.0,5.5
2015-06-08,4.0,5.0,4.5
2015-06-09,4.0,5.0,4.5
2015-06-10,4.0,5.0,4.5
2015-06-11,4.0,5.0,4.5
2015-06-12,4.0,5.0,4.5
2015-06-15,4.0,5.0,4.5
2015-06-16,4.0,5.0,4.5
2015-06-17,4.0,5.0,4.5
2015-06-18,4.0,5.0,4.5
2015-06-19,4.0,5.0,4.5
2015-06-22,4.0,5.0,4.5
2015-06-23,4.0,5.0,4.5
2015-06-24,4.0,5.0,4.5
2015-06-25,4.0,5.0,4.5
2015-06-26,4.0,5.0,4.5
2015-06-29,4.0,5.0,4.5
2015-06-30,4.0,5.0,4.5
2015-07-01,4.0,5.0,4.5
2015-07-02,4.0,5.0,4.5
2015-07-03,4.0,5.0,4.5
2015-07-06,4.0,5.0,4.5
2015-07-07,4.0,5.0,4.5
2015-07-08,4.0,5.0,4.5
2015-07-09,4.0,5.0,4.5
2015-07-10,4.0,5.0,4.5
2015-07-13,4.0,5.0,4.5
2015-07-14,4.0,5.0,4.5
2015-07-15,4.0,5.0,4.5
2015-07-16,4.0,5.0,4.5
2015-07-17,4.0,5.0,4.5
2015-07-20,4.0,5.0,4.5
2015-07-21,4.0,5.0,4.5
2015-07-22,4.0,5.0,4.5
2015-07-23,4.0,6.0,5.0
2015-07-24,5.0,6.0,5.5
2015-07-27,4.0,5.0,4.5
2015-07-28,4.0,6.0,5.0
2015-07-29,4.0,6.0,5.0
2015-07-30,4.0,5.0,4.5
2015-07-31,4.0,5.0,4.5
2015-08-03,5.0,6.0,5.5
2015-08-04,4.0,6.0,5.0
2015-08-05,4.0,6.0,5.0
2015-08-06,5.0,7.0,6.0
2015-08-07,6.0,7.0,7.0
2015-08-10,5.0,7.0,6.0
2015-08-11,6.0,7.0,6.5
2015-08-12,6.0,7.0,6.5
2015-08-13,5.0,7.0,6.0
2015-08-14,4.0,6.0,5.0
2015-08-17,5.0,6.0,5.5
2015-08-18,5.0,7.0,6.0
2015-08-19,5.0,7.0,6.0
2015-08-20,5.0,7.0,6.0
2015-08-21,6.0,7.0,6.5
2015-08-24,6.0,7.0,6.0
2015-08-25,6.0,7.0,6.0
2015-08-26,6.0,7.0,6.0
2015-08-27,5.0,7.0,6.0
2015-08-28,6.0,7.0,6.0
2015-08-31,6.0,7.0,6.0
2015-09-01,5.0,7.0,6.0
2015-09-02,6.0,7.0,6.0
2015-09-03,5.0,7.0,6.0
2015-09-04,5.0,7.0,6.0
2015-09-07,5.0,7.0,6.0
2015-09-08,5.0,6.0,5.5
2015-09-09,5.0,6.0,6.0
2015-09-10,5.0,6.0,5.5
2015-09-11,5.0,6.0,5.5
2015-09-14,5.0,6.0,6.0
2015-09-15,5.0,6.0,5.5
2015-09-17,5.0,6.0,5.5
2015-09-18,5.0,6.0,5.5
2015-09-21,5.0,6.0,5.5
2015-09-22,5.0,6.0,5.5
2015-09-23,5.0,6.0,5.5
2015-09-24,5.0,6.0,5.5
2015-09-25,4.0,6.0,5.0
2015-09-28,5.0,7.0,6.0
2015-09-29,5.0,7.0,6.0
2015-09-30,5.0,7.0,6.0
2015-10-01,5.0,7.0,6.0
2015-10-02,5.0,7.0,6.0
2015-10-05,5.0,7.0,6.0
2015-10-06,5.0,7.0,6.0
2015-10-07,5.0,7.0,6.0
2015-10-08,5.0,7.0,6.0
2015-10-09,5.0,7.0,6.0
2015-10-12,6.0,7.0,6.0
2015-10-13,5.0,7.0,6.0
2015-10-14,5.0,7.0,6.0
2015-10-15,5.0,7.0,6.0
2015-10-16,5.0,6.0,5.5
2015-10-19,4.0,6.0,5.0
2015-10-20,5.0,6.0,5.5
2015-10-21,5.0,6.0,5.5
2015-10-22,5.0,6.0,5.5
2015-10-23,5.0,6.0,5.5
2015-10-26,5.0,7.0,6.0
2015-10-27,5.0,7.0,6.0
2015-10-28,6.0,7.0,6.5
2015-10-29,5.0,7.0,6.0
2015-10-30,5.0,7.0,6.0
2015-11-03,5.0,7.0,6.0
2015-11-04,5.0,6.0,5.5
2015-11-05,5.0,7.0,6.0
2015-11-06,5.0,7.0,6.0
2015-11-09,5.0,7.0,6.0
2015-11-10,5.0,7.0,6.0
2015-11-11,5.0,7.0,6.0
2015-11-12,5.0,7.0,6.0
2015-11-13,5.0,7.0,6.0
2015-11-17,5.0,6.0,5.5
2015-11-18,5.0,6.0,5.5
2015-11-19,5.0,7.0,6.0
2015-11-20,5.0,6.0,5.5
2015-11-23,5.0,7.0,6.0
2015-11-24,5.0,7.0,6.0
2015-11-25,5.0,7.0,6.0
2015-11-26,5.0,7.0,6.0
2015-11-27,5.0,7.0,6.0
2015-11-30,5.0,6.0,5.5
2015-12-01,5.0,7.0,6.0
2015-12-02,5.0,7.0,6.0
2015-12-03,5.0,7.0,6.0
2015-12-04,5.0,7.0,6.0
2015-12-07,5.0,7.0,6.0
2015-12-08,5.0,7.0,6.0
2015-12-09,5.0,7.0,6.0
2015-12-10,5.0,7.0,6.0
2015-12-11,5.0,7.0,6.0
2015-12-14,5.0,7.0,6.0
2015-12-15,5.0,7.0,6.0
2015-12-16,5.0,7.0,6.0
2015-12-17,5.0,7.0,6.0
2015-12-18,5.0,6.0,5.5
2015-12-21,5.0,6.0,5.5
2015-12-22,5.0,6.0,5.5
2015-12-23,5.0,6.0,5.5
2015-12-24,5.0,6.0,5.5
2015-12-28,5.0,6.0,5.5
2015-12-29,5.0,6.0,5.5
2015-12-30,5.0,6.0,5.5
2015-12-31,6.0,8.0,7.0
2016-01-04,7.0,8.0,7.0
2016-01-05,7.0,8.0,7.0
2016-01-06,7.0,8.0,7.0
2016-01-07,7.0,8.0,7.0
2016-01-08,6.0,7.0,6.0
2016-01-11,6.0,7.0,6.0
2016-01-12,6.0,7.0,6.0
2016-01-13,6.0,7.0,6.0
2016-01-14,6.0,7.0,6.0
2016-01-15,6.0,7.0,6.0
2016-01-18,6.0,7.0,6.0
2016-01-19,5.0,6.0,6.0
2016-01-20,5.0,6.0,5.5
2016-01-21,5.0,6.0,5.5
2016-01-22,5.0,6.0,5.5
2016-01-25,4.0,6.0,5.0
2016-01-26,5.0,6.0,5.5
2016-01-27,5.0,6.0,5.5
2016-01-28,5.0,6.0,5.5
2016-01-29,5.0,6.0,5.5
2016-02-02,5.0,7.0,6.0
2016-02-03,5.0,7.0,6.0
2016-02-04,6.0,7.0,6.0
2016-02-05,6.0,7.0,6.0
2016-02-08,7.0,8.0,7.5
2016-02-09,7.0,8.0,7.5
2016-02-10,7.0,8.0,7.5
2016-02-11,7.0,8.0,7.5
2016-02-12,7.0,8.0,8.0
2016-02-15,7.0,9.0,8.0
2016-02-16,8.0,9.0,8.0
2016-02-17,7.0,8.0,8.0
2016-02-18,7.0,8.0,8.0
2016-02-19,7.0,8.0,8.0
2016-02-22,8.0,9.0,9.0
2016-02-23,8.0,10.0,9.0
2016-02-24,8.0,10.0,9.0
2016-02-25,8.0,10.0,9.0
2016-02-26,9.0,12.0,10.0
2016-02-29,9.0,10.0,9.0
2016-03-01,9.0,10.0,9.0
2016-03-02,9.0,10.0,9.0
2016-03-03,9.0,10.0,9.0
2016-03-04,9.0,10.0,9.0
2016-03-07,9.0,10.0,9.0
2016-03-08,9.0,10.0,10.0
2016-03-09,9.0,10.0,10.0
2016-03-10,9.0,10.0,10.0
2016-03-11,9.0,10.0,10.0
2016-03-14,9.0,10.0,10.0
2016-03-15,9.0,10.0,10.0
2016-03-16,9.0,10.0,10.0
2016-03-17,9.0,10.0,10.0
2016-03-18,9.0,10.0,10.0
2016-03-22,10.0,13.0,11.0
2016-03-23,11.0,13.0,12.0
2016-03-28,11.0,13.0,12.0
2016-03-29,11.0,13.0,12.0
2016-03-30,11.0,13.0,12.0
2016-03-31,13.0,15.0,14.0
2016-04-01,13.0,15.0,14.0
2016-04-04,15.0,20.0,18.0
2016-04-05,17.0,20.0,18.0
2016-04-06,17.0,22.0,20.0
2016-04-07,18.0,22.0,20.0
2016-04-08,18.0,22.0,20.0
2016-04-11,20.0,22.0,21.0
2016-04-12,20.0,22.0,21.0
2016-04-13,19.0,21.0,20.0
2016-04-14,19.0,21.0,20.0
2016-04-15,26.0,28.0,27.0
2016-04-18,25.0,26.0,25.0
2016-04-19,26.0,28.0,27.0
2016-04-20,24.0,28.0,26.0
2016-04-21,28.0,35.0,30.0
2016-04-22,28.0,35.0,30.0
2016-04-25,28.0,35.0,30.0
2016-04-26,30.0,35.0,32.0
2016-04-27,30.0,35.0,32.0
2016-04-28,30.0,35.0,32.0
2016-04-29,30.0,35.0,32.0
2016-05-02,23.8,28.9,25.5
2016-05-03,25.5,34.0,28.05
2016-05-04,28.05,34.0,29.75
2016-05-06,29.75,38.25,34.0
2016-05-09,35.0,45.0,40.0
2016-05-10,30.0,37.0,33.0
2016-05-11,30.0,37.0,34.0
2016-05-12,30.0,35.0,32.0
2016-05-13,25.0,32.0,28.0
2016-05-16,23.0,28.0,25.0
2016-05-17,23.0,30.0,25.0
2016-05-18,20.0,30.0,25.0
2016-05-19,20.0,28.0,25.0
2016-05-20,18.0,26.0,23.0
2016-05-23,20.0,25.0,23.0
2016-05-24,18.0,25.0,20.0
2016-05-25,10.0,20.0,15.0
2016-05-26,15.0,25.0,20.0
2016-05-27,15.0,25.0,20.0
2016-05-30,10.0,20.0,15.0
2016-05-31,15.0,25.0,20.0
2016-06-01,15.0,25.0,20.0
2016-06-02,15.0,25.0,20.0
2016-06-03,10.0,20.0,15.0
2016-06-06,10.0,20.0,15.0
2016-06-07,10.0,20.0,15.0
2016-06-08,15.0,25.0,20.0
2016-06-09,15.0,25.0,20.0
2016-06-10,10.0,20.0,15.0
2016-06-13,10.0,15.0,12.0
2016-06-14,10.0,16.0,12.0
2016-06-15,8.0,15.0,11.0
2016-06-16,6.0,11.0,8.0
2016-06-17,6.0,10.0,8.0
2016-06-20,4.0,8.0,6.0
2016-06-21,4.0,8.0,6.0
2016-06-22,4.0,7.0,6.0
2016-06-23,4.0,7.0,6.0
2016-06-24,4.0,7.0,5.0
2016-06-27,4.0,7.0,5.0
2016-06-28,4.0,7.0,5.0
2016-06-29,4.0,8.0,5.0
2016-06-30,4.0,8.0,5.0
2016-07-01,4.0,6.0,5.0
2016-07-04,4.0,6.0,5.0
2016-07-05,4.0,6.0,5.0
2016-07-06,4.0,6.0,5.0
2016-07-07,4.0,6.0,5.0
2016-07-08,4.0,6.0,5.0
2016-07-11,4.0,6.0,5.0
2016-07-12,4.0,6.0,5.0
2016-07-13,4.0,7.0,5.0
2016-07-14,4.0,7.0,5.0
2016-07-15,4.0,6.0,5.0
2016-07-18,4.0,6.0,5.0
2016-07-19,4.0,6.0,5.0
2016-07-20,5.0,6.0,5.0
2016-07-21,5.0,6.0,5.0
2016-07-22,5.0,6.0,5.5
2016-07-25,5.0,7.0,6.0
2016-07-26,5.0,7.0,6.0
2016-07-27,5.0,7.0,6.0
2016-07-28,5.0,7.0,6.0
2016-07-29,5.0,7.0,6.0
2016-08-01,5.0,6.0,5.0
2016-08-02,5.0,6.0,5.0
2016-08-03,5.0,6.0,5.0
2016-08-04,4.0,5.0,5.0
2016-08-05,4.0,5.0,5.0
2016-08-08,4.0,5.0,5.0
2016-08-09,4.0,5.0,5.0
2016-08-10,4.0,5.0,5.0
2016-08-11,4.0,6.0,5.0
2016-08-12,5.0,7.0,6.0
2016-08-15,5.0,6.0,5.0
2016-08-16,5.0,7.0,6.0
2016-08-17,6.0,8.0,7.0
2016-08-18,5.0,7.0,6.0
2016-08-19,5.0,7.0,6.0
2016-08-22,5.0,6.0,5.0
2016-08-23,5.0,6.0,5.5
2016-08-24,4.0,5.5,5.0
2016-08-25,4.0,6.0,5.0
2016-08-26,4.5,5.5,5.0
2016-08-29,6.0,8.0,7.0
2016-08-30,5.0,7.0,6.0
2016-08-31,5.0,6.0,6.0
2016-09-01,5.0,6.0,5.5
2016-09-02,5.0,6.0,5.5
2016-09-05,6.0,7.0,7.0
2016-09-06,6.0,7.0,7.0
2016-09-07,6.0,7.0,7.0
2016-09-08,6.0,7.0,7.0
2016-09-09,6.0,7.0,7.0
2016-09-12,5.5,6.5,6.0
2016-09-13,5.5,6.5,6.0
2016-09-14,5.5,6.5,6.0
2016-09-15,6.0,7.0,6.0
2016-09-19,6.0,7.0,6.5
2016-09-20,6.0,7.0,6.5
2016-09-21,6.0,7.0,6.5
2016-09-22,6.0,7.0,6.5
2016-09-23,6.0,7.0,7.0
2016-09-26,6.0,7.0,6.5
2016-09-27,6.0,7.0,6.5
2016-09-28,6.0,7.0,6.5
2016-09-29,6.0,7.0,6.5
2016-09-30,6.0,7.0,6.5
2016-10-03,6.0,7.0,6.5
2016-10-04,6.0,8.0,7.0
2016-10-05,6.0,8.0,7.0
2016-10-06,6.0,8.0,7.0
2016-10-07,5.0,7.0,6.0
2016-10-10,6.0,7.0,6.5
2016-10-11,6.0,7.0,6.5
2016-10-12,5.5,6.5,6.0
2016-10-13,5.0,7.0,6.0
2016-10-14,5.5,7.0,6.0
2016-10-17,4.0,5.5,4.5
2016-10-18,4.5,5.5,5.0
2016-10-19,4.5,6.0,5.0
2016-10-20,5.0,6.5,5.5
2016-10-21,5.0,6.0,5.5
2016-10-24,4.5,5.5,5.0
2016-10-25,5.0,6.5,5.5
2016-10-26,5.0,6.0,5.5
2016-10-27,5.0,6.0,5.5
2016-10-28,5.0,6.0,5.5
2016-10-31,5.0,6.0,5.5
2016-11-01,4.0,6.0,5.0
2016-11-03,5.5,6.5,6.0
2016-11-04,5.5,6.5,6.0
2016-11-07,5.5,6.5,6.0
2016-11-08,5.0,6.0,5.5
2016-11-09,5.0,6.0,5.5
2016-11-10,5.0,6.0,5.5
2016-11-11,5.5,6.5,6.0
2016-11-14,5.0,6.0,5.5
2016-11-15,5.0,6.5,5.5
2016-11-16,5.0,6.5,5.5
2016-11-17,5.0,6.5,5.5
2016-11-18,5.0,6.5,5.5
2016-11-22,5.0,6.0,5.5
2016-11-23,5.0,6.0,5.5
2016-11-24,5.0,6.0,5.5
2016-11-25,5.0,6.0,5.5
2016-11-28,5.0,6.0,5.5
2016-11-29,5.0,6.0,5.5
2016-11-30,5.0,6.0,5.5
2016-12-01,4.5,5.5,5.0
2016-12-02,4.5,5.5,5.0
2016-12-05,4.5,5.5,5.0
2016-12-06,4.5,5.5,5.0
2016-12-07,4.5,5.5,5.0
2016-12-08,5.0,6.0,5.5
2016-12-09,5.0,6.0,5.5
2016-12-12,5.0,6.0,5.5
2016-12-13,5.0,7.0,6.0
2016-12-14,5.0,7.0,6.0
2016-12-15,7.0,8.0,7.5
2016-12-16,7.5,8.0,8.0
2016-12-19,9.0,10.0,10.0
2016-12-20,9.0,10.0,10.0
2016-12-21,9.0,10.0,10.0
2016-12-22,9.0,10.0,10.0
2016-12-23,9.0,11.0,10.0
2016-12-26,8.0,11.0,9.0
2016-12-27,7.0,10.0,8.0
2016-12-28,7.0,10.0,8.0
2016-12-29,7.0,10.0,8.0
2016-12-30,6.0,9.0,7.0
2017-01-02,6.0,9.0,7.0
2017-01-03,7.0,8.0,8.0
2017-01-04,7.0,9.0,8.0
2017-01-05,7.0,9.0,8.0
2017-01-06,7.0,9.0,8.0
2017-01-09,7.0,9.0,8.0
2017-01-10,7.0,9.0,8.0
2017-01-11,8.0,9.0,8.0
2017-01-12,8.0,9.0,8.0
2017-01-13,7.0,9.0,8.0
2017-01-16,8.0,10.0,9.0
2017-01-17,7.0,9.0,8.0
2017-01-18,7.0,8.0,8.0
2017-01-19,7.0,8.0,8.0
2017-01-20,8.0,9.0,8.5
2017-01-23,8.0,9.0,9.0
2017-01-24,8.0,9.0,9.0
2017-01-25,8.0,9.0,9.0
2017-01-26,8.0,9.5,9.0
2017-01-27,9.0,12.0,11.0
2017-01-30,10.0,12.0,11.0
2017-01-31,11.0,13.0,12.0
2017-02-01,11.0,13.0,12.0
2017-02-02,13.0,14.0,13.0
2017-02-03,13.0,14.0,13.0
2017-02-07,12.0,13.0,12.0
2017-02-08,12.0,13.0,13.0
2017-02-09,13.0,14.5,14.0
2017-02-10,13.0,15.0,14.0
2017-02-13,12.0,15.0,14.0
2017-02-14,14.0,15.0,15.0
2017-02-15,14.0,15.0,15.0
2017-02-16,14.0,15.0,15.0
2017-02-17,14.0,15.0,15.0
2017-02-20,14.0,16.0,15.0
2017-02-21,19.0,20.0,20.0
2017-02-22,19.0,21.0,20.0
2017-02-23,18.0,20.0,19.0
2017-02-24,17.0,19.0,18.0
2017-02-27,18.0,20.0,19.0
2017-02-28,17.0,19.0,18.0
2017-03-01,18.0,20.0,19.0
2017-03-02,17.0,18.0,18.0
2017-03-03,17.0,18.0,18.0
2017-03-06,18.0,20.0,19.0
2017-03-07,19.0,20.0,20.0
2017-03-08,21.0,22.0,22.0
2017-03-09,21.0,22.0,22.0
2017-03-10,21.0,22.0,22.0
2017-03-13,21.0,23.0,22.0
2017-03-14,21.0,22.0,22.0
2017-03-15,20.0,22.0,21.0
2017-03-16,18.0,20.0,19.0
2017-03-17,18.0,22.0,20.0
2017-03-21,17.0,18.0,18.0
2017-03-22,17.0,18.0,18.0
2017-03-23,17.0,18.0,18.0
2017-03-24,10.0,12.0,11.0
2017-03-27,10.0,11.0,11.0
2017-03-28,10.0,11.0,11.0
2017-03-29,10.0,12.0,11.0
2017-03-30,10.0,11.0,11.0
2017-03-31,12.0,14.0,13.0
2017-04-03,12.0,14.0,13.0
2017-04-04,11.0,13.0,12.0
2017-04-05,12.0,14.0,13.0
2017-04-06,12.0,14.0,13.0
2017-04-07,12.0,14.0,13.0
2017-04-10,12.0,14.0,13.0
2017-04-11,12.0,14.0,13.0
2017-04-12,12.0,14.0,13.0
2017-04-17,10.0,12.0,11.0
2017-04-18,9.0,10.0,10.0
2017-04-19,10.0,12.5,11.0
2017-04-20,10.0,12.0,11.0
2017-04-21,11.0,13.0,12.0
2017-04-24,10.0,11.0,10.0
2017-04-25,8.0,9.0,9.0
2017-04-26,8.0,9.0,9.0
2017-04-27,7.0,8.0,8.0
2017-04-28,7.0,8.0,7.0
2017-05-02,6.0,7.0,6.0
2017-05-03,6.0,7.0,6.5
2017-05-04,6.0,7.0,6.0
2017-05-08,5.0,6.0,5.0
2017-05-09,5.0,7.0,6.0
2017-05-10,6.0,7.0,6.0
2017-05-11,6.0,7.0,6.0
2017-05-12,6.0,7.0,6.0
2017-05-15,6.0,7.0,6.0
2017-05-16,6.0,7.0,6.5
2017-05-17,5.0,7.0,6.0
2017-05-18,5.0,7.0,6.0
2017-05-19,5.0,7.0,6.0
2017-05-22,4.0,6.0,5.0
2017-05-23,4.0,6.0,5.0
2017-05-24,4.0,6.0,5.0
2017-05-25,4.0,6.0,5.0
2017-05-26,4.0,6.0,5.0
2017-05-29,5.0,7.0,5.0
2017-05-30,5.0,7.0,5.0
2017-05-31,5.0,7.0,5.0
2017-06-01,5.0,7.0,6.0
2017-06-02,5.0,7.0,6.0
2017-06-05,5.0,7.0,6.0
2017-06-06,5.0,7.0,6.0
2017-06-07,5.0,7.0,6.0
2017-06-08,5.0,7.0,6.0
2017-06-09,5.0,7.0,6.0
2017-06-12,5.0,7.0,6.0
2017-06-13,5.0,7.0,6.0
2017-06-14,4.0,6.0,5.0
2017-06-15,4.0,6.0,5.0
2017-06-16,4.5,5.5,5.0
2017-06-19,4.5,5.5,5.0
2017-06-20,4.0,5.5,4.5
2017-06-21,3.8,4.8,4.2
2017-06-22,3.8,4.8,4.0
2017-06-23,3.5,4.5,4.0
2017-06-26,3.5,4.5,4.0
2017-06-27,3.5,4.5,4.0
2017-06-28,3.5,4.5,4.0
2017-06-29,3.0,4.0,3.5
2017-06-30,3.0,4.0,3.5
2017-07-03,3.5,4.5,4.0
2017-07-04,4.0,5.0,4.5
2017-07-05,4.0,5.0,4.5
2017-07-06,4.0,5.0,4.5
2017-07-07,4.0,5.0,4.5
2017-07-10,4.0,5.0,4.5
2017-07-11,4.0,5.0,4.5
2017-07-12,4.5,5.5,4.5
2017-07-13,4.5,5.5,5.0
2017-07-14,4.5,5.5,5.0
2017-07-17,4.5,5.5,5.0
2017-07-18,4.5,5.5,5.0
2017-07-19,4.5,5.5,5.0
2017-07-20,4.5,5.5,5.0
2017-07-21,4.5,5.5,5.0
2017-07-24,4.5,5.5,5.0
2017-07-25,4.5,5.5,5.0
2017-07-26,4.5,5.5,5.0
2017-07-27,4.5,5.5,5.0
2017-07-28,4.5,5.5,5.0
2017-07-31,4.5,5.5,5.0
2017-08-01,4.5,5.5,5.0
2017-08-02,4.5,5.5,5.0
2017-08-03,4.5,5.5,5.0
2017-08-04,3.5,5.0,4.5
2017-08-07,3.5,4.5,4.0
2017-08-08,3.5,4.5,4.0
2017-08-09,3.5,4.5,4.0
2017-08-10,4.0,5.0,4.5
2017-08-11,4.5,5.5,5.0
2017-08-14,5.0,6.0,5.5
2017-08-15,5.0,7.0,6.0
2017-08-16,5.0,6.0,6.0
2017-08-17,5.0,6.5,5.5
2017-08-18,5.5,6.5,6.0
2017-08-21,5.0,6.5,6.0
2017-08-22,5.0,6.5,6.0
2017-08-23,5.5,7.0,6.0
2017-08-24,5.5,7.5,6.0
2017-08-25,6.0,7.5,6.5
2017-08-28,6.0,7.5,6.5
2017-08-29,6.0,7.0,6.5
2017-08-30,6.0,7.0,6.5
2017-08-31,6.0,7.0,6.5
2017-09-01,6.0,7.0,6.5
2017-09-04,5.5,7.0,6.0
2017-09-05,5.5,7.0,6.0
2017-09-06,5.5,7.0,6.0
2017-09-07,5.5,7.0,6.0
2017-09-08,5.5,7.0,6.0
2017-09-11,6.0,7.0,6.5
2017-09-12,6.0,7.0,6.5
2017-09-13,6.0,7.0,6.5
2017-09-14,6.0,7.0,6.5
2017-09-15,6.0,7.5,6.5
2017-09-18,6.0,7.5,6.5
2017-09-19,6.0,7.0,6.5
2017-09-20,6.0,7.0,6.5
2017-09-21,6.0,7.0,6.5
2017-09-22,6.0,7.0,6.5
2017-09-25,5.5,6.5,6.0
2017-09-26,5.5,6.5,6.0
2017-09-27,5.5,6.5,6.0
2017-09-28,5.5,6.5,6.0
2017-09-29,5.5,7.0,6.0
2017-10-02,5.5,6.5,6.0
2017-10-03,5.5,6.5,6.0
2017-10-04,5.5,6.5,6.0
2017-10-05,5.0,6.5,5.5
2017-10-06,5.0,6.5,5.5
2017-10-09,5.5,6.5,6.0
2017-10-10,5.5,7.0,6.0
2017-10-11,5.5,7.0,6.0
2017-10-12,6.0,8.0,7.0
2017-10-13,6.0,7.5,7.0
2017-10-16,6.0,7.0,6.5
2017-10-17,6.0,7.0,6.5
2017-10-18,6.0,7.0,6.5
2017-10-19,6.0,7.0,6.5
2017-10-20,5.5,6.5,6.0
2017-10-23,6.0,7.0,6.5
2017-10-24,6.0,7.5,6.5
2017-10-25,6.0,7.0,6.5
2017-10-26,5.5,7.0,6.3
2017-10-27,5.5,7.0,6.0
2017-10-30,5.5,7.0,6.0
2017-10-31,6.5,7.5,7.0
2017-11-01,6.5,8.0,7.3
2017-11-03,8.0,9.5,8.5
2017-11-06,7.0,8.0,7.5
2017-11-07,6.5,7.5,7.0
2017-11-08,7.0,8.0,7.5
2017-11-09,6.5,7.5,7.0
2017-11-10,7.0,8.0,7.5
2017-11-13,6.5,8.0,7.0
2017-11-14,6.5,7.5,7.0
2017-11-15,6.5,7.5,7.0
2017-11-16,6.5,7.5,7.0
2017-11-17,6.5,8.0,7.0
2017-11-21,6.5,8.0,7.0
2017-11-22,6.5,7.5,7.0
2017-11-23,6.5,8.0,7.0
2017-11-24,6.5,8.0,7.0
2017-11-27,6.5,8.0,7.0
2017-11-28,7.0,8.0,7.5
2017-11-29,7.0,8.0,7.5
2017-11-30,7.0,8.5,7.5
2017-12-01,7.0,8.5,7.5
2017-12-04,8.0,9.5,8.5
2017-12-05,8.5,10.0,9.0
2017-12-06,8.5,10.0,9.0
2017-12-07,8.5,10.0,9.0
2017-12-08,8.5,10.0,9.0
2017-12-11,9.0,10.5,9.5
2017-12-12,9.0,10.5,9.5
2017-12-13,9.0,11.0,10.0
2017-12-14,8.5,10.5,9.5
2017-12-15,8.5,10.5,9.5
2017-12-18,9.5,10.5,10.0
2017-12-19,9.5,10.5,10.0
2017-12-20,11.0,12.5,12.0
2017-12-21,12.0,13.5,12.5
2017-12-22,12.5,14.0,13.0
2017-12-26,12.5,14.0,13.0
2017-12-27,12.5,14.5,13.0
2017-12-28,12.5,14.5,13.0
2017-12-29,12.5,14.5,13.0
2018-01-02,12.5,14.5,13.0
2018-01-03,11.0,15.0,13.0
2018-01-04,12.0,15.0,13.0
2018-01-05,14.0,16.0,15.0
2018-01-08,15.0,20.0,17.0
2018-01-09,14.0,20.0,16.0
2018-01-10,14.0,19.0,15.0
2018-01-11,14.0,18.0,15.0
2018-01-12,14.0,18.0,15.0
2018-01-15,13.0,18.0,14.0
2018-01-16,13.0,18.0,14.0
2018-01-17,13.0,17.0,14.0
2018-01-18,13.0,17.0,14.0
2018-01-19,13.5,18.5,14.5
2018-01-22,14.0,19.0,15.0
2018-01-23,13.0,18.5,14.0
2018-01-24,13.0,18.0,14.0
2018-01-25,15.0,19.0,16.0
2018-01-26,14.0,18.5,15.5
2018-01-29,14.0,20.0,16.0
2018-01-30,14.0,20.0,16.0
2018-01-31,14.0,19.0,15.0
2018-02-01,14.0,19.0,15.0
2018-02-02,14.0,19.0,15.0
2018-02-06,16.0,22.0,18.0
2018-02-07,15.0,21.0,17.0
2018-02-08,15.0,21.0,16.0
2018-02-09,14.0,20.0,16.0
2018-02-12,15.0,22.0,16.0
2018-02-13,15.0,21.0,16.0
2018-02-14,16.0,23.0,18.0
2018-02-15,18.0,28.0,20.0
2018-02-16,20.0,30.0,22.0
2018-02-19,23.0,33.0,25.0
2018-02-20,25.0,38.0,28.0
2018-02-21,25.0,37.0,27.0
2018-02-22,25.0,37.0,27.0
2018-02-23,25.0,32.0,27.0
2018-02-26,28.0,38.0,30.0
2018-02-27,27.0,37.0,29.0
2018-02-28,26.0,36.0,28.0
2018-03-01,27.0,37.0,29.0
2018-03-02,28.0,39.0,30.0
2018-03-05,29.0,39.0,32.0
2018-03-06,29.0,39.0,32.0
2018-03-07,29.0,38.0,31.0
2018-03-08,28.0,37.0,30.0
2018-03-09,30.0,45.0,35.0
2018-03-12,32.0,38.0,35.0
2018-03-13,33.0,37.0,35.0
2018-03-14,30.0,38.0,34.0
2018-03-15,33.0,38.0,35.0
2018-03-16,32.0,40.0,35.0
2018-03-20,35.0,43.0,38.0
2018-03-21,35.0,44.0,38.0
2018-03-22,33.0,42.0,35.0
2018-03-23,34.0,45.0,36.0
2018-03-26,35.0,43.0,37.0
2018-03-27,35.0,43.0,37.0
2018-03-28,35.0,45.0,37.0
2018-04-02,35.0,45.0,37.0
2018-04-03,35.0,45.0,37.0
2018-04-04,34.0,44.0,36.0
2018-04-05,34.0,44.0,36.0
2018-04-06,34.0,46.0,37.0
2018-04-09,32.0,42.0,35.0
2018-04-10,28.0,40.0,32.0
2018-04-11,27.0,39.0,30.0
2018-04-12,26.0,38.0,28.0
2018-04-13,25.0,39.0,27.0
2018-04-16,23.0,37.0,26.0
2018-04-17,22.0,36.0,25.0
2018-04-18,22.0,36.0,25.0
2018-04-19,20.0,35.0,23.0
2018-04-20,18.0,34.0,22.0
2018-04-23,17.0,33.0,20.0
2018-04-24,17.0,33.0,20.0
2018-04-25,15.0,30.0,18.0
2018-04-26,14.0,28.0,17.0
2018-04-27,14.0,28.0,17.0
2018-04-30,10.0,23.0,13.0
2018-05-02,10.0,20.0,12.0
2018-05-03,8.0,19.0,11.0
2018-05-04,8.0,19.0,11.0
2018-05-07,6.0,15.0,8.0
2018-05-08,6.0,15.0,8.0
2018-05-09,6.0,15.0,8.0
2018-05-11,7.0,15.0,8.0
2018-05-14,6.0,14.0,7.0
2018-05-15,6.0,13.0,7.0
2018-05-16,5.0,12.0,6.0
2018-05-17,5.0,12.0,6.0
2018-05-18,5.0,12.0,6.0
2018-05-21,6.0,13.0,8.0
2018-05-22,5.0,12.0,7.0
2018-05-23,5.0,11.0,7.0
2018-05-24,5.0,11.0,7.0
2018-05-25,6.0,12.0,8.0
2018-05-28,5.0,11.0,7.0
2018-05-29,5.0,11.0,7.0
2018-05-30,5.0,11.0,7.0
2018-05-31,4.0,11.0,6.0
2018-06-01,4.0,12.0,7.0
2018-06-04,4.0,10.0,6.0
2018-06-05,4.0,10.0,6.0
2018-06-06,4.0,9.0,6.0
2018-06-07,4.0,9.0,6.0
2018-06-08,4.0,9.0,6.0
2018-06-11,4.0,9.0,5.0
2018-06-12,4.0,9.0,5.0
2018-06-13,4.0,9.0,5.0
2018-06-14,4.0,9.0,5.0
2018-06-15,4.0,9.5,5.5
2018-06-18,4.5,9.5,6.0
2018-06-19,4.5,10.5,6.0
2018-06-20,4.5,10.5,6.0
2018-06-21,4.5,10.5,6.0
2018-06-22,4.5,10.5,6.0
2018-06-25,4.5,10.5,6.0
2018-06-26,4.0,10.0,5.5
2018-06-27,4.0,10.0,5.5
2018-06-28,4.0,9.5,5.0
2018-06-29,5.0,10.5,6.0
2018-07-02,5.0,9.8,6.0
2018-07-03,5.5,10.0,6.5
2018-07-04,5.5,10.0,6.5
2018-07-05,5.5,10.0,6.5
2018-07-06,6.0,11.0,7.0
2018-07-09,5.0,10.0,6.0
2018-07-10,5.0,9.5,6.0
2018-07-11,5.0,9.5,6.0
2018-07-12,5.0,9.5,6.0
2018-07-13,5.0,9.5,6.0
2018-07-16,5.0,9.8,6.2
2018-07-17,5.0,9.5,6.0
2018-07-18,5.0,9.3,6.0
2018-07-19,5.0,9.3,6.0
2018-07-20,5.0,9.5,6.0
2018-07-23,5.0,9.3,6.0
2018-07-24,5.0,9.3,6.0
2018-07-25,5.0,9.0,6.0
2018-07-26,5.0,9.0,6.0
2018-07-27,5.0,9.3,6.5
2018-07-30,6.0,11.0,7.0
2018-07-31,8.0,14.0,10.0
2018-08-01,7.0,13.5,9.0
2018-08-02,7.0,13.0,8.0
2018-08-03,7.0,15.0,9.0
2018-08-06,8.0,16.0,10.0
2018-08-07,8.0,16.0,10.0
2018-08-08,8.0,15.0,10.0
2018-08-09,8.0,14.0,10.0
2018-08-10,8.0,15.0,10.0
2018-08-13,7.0,14.0,9.0
2018-08-14,7.0,14.0,9.0
2018-08-15,7.0,13.0,8.0
2018-08-16,7.0,15.0,9.0
2018-08-17,7.0,15.0,9.0
2018-08-20,7.0,14.0,8.0
2018-08-21,7.0,13.0,8.0
2018-08-22,7.0,13.0,8.0
2018-08-23,7.0,13.0,8.0
2018-08-24,7.0,13.0,8.0
2018-08-27,7.0,12.0,8.0
2018-08-28,7.0,14.0,8.0
2018-08-29,7.0,13.0,8.0
2018-08-30,7.0,14.0,8.0
2018-08-31,8.0,14.5,9.0
2018-09-03,7.0,13.5,9.0
2018-09-04,7.0,13.5,8.0
2018-09-05,7.0,13.5,8.0
2018-09-06,7.0,13.5,8.0
2018-09-07,7.0,13.5,8.0
2018-09-10,8.0,14.0,9.0
2018-09-11,8.0,14.0,9.0
2018-09-12,8.0,13.7,9.0
2018-09-13,8.0,13.7,9.0
2018-09-14,9.0,15.0,11.0
2018-09-17,8.0,13.5,10.0
2018-09-18,8.0,14.0,10.0
2018-09-19,8.0,15.0,10.0
2018-09-20,8.0,14.0,9.0
2018-09-21,8.0,14.5,9.0
2018-09-24,8.0,14.0,9.0
2018-09-25,8.0,14.2,9.0
2018-09-26,8.0,14.0,9.0
2018-09-27,7.0,13.8,8.5
2018-09-28,7.0,13.8,8.5
2018-10-01,7.0,13.5,8.3
2018-10-02,7.0,13.5,8.0
2018-10-03,8.0,14.0,9.0
2018-10-04,7.8,13.7,8.7
2018-10-05,7.5,14.0,8.9
2018-10-08,7.0,13.5,8.0
2018-10-09,7.0,13.5,8.0
2018-10-10,7.0,13.5,8.0
2018-10-11,7.0,13.7,8.0
2018-10-12,7.2,14.0,8.3
2018-10-15,7.0,13.7,8.0
2018-10-16,7.0,13.7,8.0
2018-10-17,7.0,13.5,8.0
2018-10-18,7.0,13.5,8.0
2018-10-19,7.3,13.8,8.3
2018-10-22,7.5,13.7,8.5
2018-10-23,7.8,13.8,8.5
2018-10-24,7.8,13.8,8.5
2018-10-25,7.8,13.8,8.5
2018-10-26,7.8,13.9,8.6
2018-10-29,7.5,13.7,8.2
2018-10-30,7.0,13.5,8.0
2018-10-31,7.5,14.0,8.3
2018-11-05,7.5,13.0,8.5
2018-11-06,7.0,12.8,8.0
2018-11-07,7.0,12.8,8.0
2018-11-08,7.0,12.8,8.0
2018-11-09,7.2,13.0,8.2
2018-11-12,7.0,13.0,8.0
2018-11-13,7.0,13.0,8.0
2018-11-14,7.0,13.0,8.0
2018-11-15,7.0,13.0,8.0
2018-11-16,7.0,13.0,8.0
2018-11-20,7.5,13.5,8.5
2018-11-21,7.5,13.5,8.5
2018-11-22,7.5,13.5,8.5
2018-11-23,7.5,13.3,8.1
2018-11-26,8.0,13.0,9.0
2018-11-27,7.5,13.0,8.7
2018-11-28,7.5,13.0,8.5
2018-11-29,7.5,13.0,8.5
2018-11-30,7.0,13.5,8.3
2018-12-03,6.0,12.8,7.3
2018-12-04,6.0,12.5,7.2
2018-12-05,6.5,12.5,7.5
2018-12-06,6.0,11.9,7.0
2018-12-07,6.0,11.9,7.0
2018-12-10,6.0,11.3,7.0
2018-12-11,6.0,11.5,7.0
2018-12-12,6.0,11.3,6.8
2018-12-13,6.0,11.4,7.0
2018-12-14,5.5,9.8,6.2
2018-12-17,5.0,9.2,6.0
2018-12-18,5.0,9.2,6.0
2018-12-19,5.0,8.8,5.8
2018-12-20,5.0,8.0,6.0
2018-12-21,5.5,8.5,6.5
2018-12-24,7.5,13.0,8.5
2018-12-26,5.0,8.0,6.0
2018-12-27,4.5,7.5,5.5
2018-12-28,5.5,10.5,6.3
2018-12-31,6.0,11.3,7.0
2019-01-02,6.0,11.0,7.0
2019-01-03,6.0,11.0,7.0
2019-01-04,6.0,11.0,7.0
2019-01-07,7.0,13.0,8.5
2019-01-08,7.0,12.6,8.0
2019-01-09,7.0,12.5,8.0
2019-01-10,7.0,12.5,8.0
2019-01-11,7.0,12.4,8.0
2019-01-14,7.0,12.5,8.1
2019-01-15,6.8,12.3,7.8
2019-01-16,6.0,11.8,7.0
2019-01-17,5.8,11.0,6.5
2019-01-18,5.8,11.2,6.5
2019-01-21,5.8,11.5,7.0
2019-01-22,5.8,11.8,7.0
2019-01-23,5.8,11.9,7.0
2019-01-24,5.8,11.8,7.0
2019-01-25,6.0,13.0,7.0
2019-01-28,6.0,12.5,7.0
2019-01-29,6.2,12.6,7.0
2019-01-30,6.2,12.3,7.0
2019-01-31,6.7,13.5,7.5
2019-02-01,7.0,14.8,8.0
2019-02-05,7.0,14.7,8.0
2019-02-06,7.0,14.5,8.0
2019-02-07,7.0,13.9,8.0
2019-02-08,7.0,13.9,8.0
2019-02-11,8.0,14.5,9.0
2019-02-12,7.0,13.9,8.0
2019-02-13,7.0,13.8,8.0
2019-02-14,8.0,14.3,9.0
2019-02-15,9.0,16.0,10.0
2019-02-18,8.5,15.5,9.5
2019-02-19,9.0,15.5,10.0
2019-02-20,9.0,17.0,11.0
2019-02-21,9.0,17.0,10.0
2019-02-22,10.0,19.0,12.0
2019-02-25,14.0,23.0,16.0
2019-02-26,14.0,26.0,17.0
2019-02-27,14.0,25.0,16.0
2019-02-28,15.0,27.0,17.0
2019-03-01,15.0,27.0,17.0
2019-03-04,17.0,29.0,18.5
2019-03-05,18.0,32.0,22.0
2019-03-06,18.0,32.0,21.0
2019-03-07,19.0,31.0,22.0
2019-03-08,19.0,31.0,23.0
2019-03-11,14.0,25.0,16.0
2019-03-12,13.0,24.0,15.0
2019-03-13,13.0,24.0,15.0
2019-03-14,12.0,21.0,14.0
2019-03-15,13.0,25.0,16.0
2019-03-19,15.0,26.0,17.0
2019-03-20,15.0,25.0,17.0
2019-03-21,15.0,24.0,17.0
2019-03-22,15.0,24.0,17.0
2019-03-25,14.0,23.0,16.0
2019-03-26,14.0,24.0,16.0
2019-03-27,14.0,24.0,16.0
2019-03-28,13.0,23.0,15.0
2019-03-29,13.0,24.0,15.0
2019-04-01,12.0,22.0,14.0
2019-04-02,12.0,21.0,14.0
2019-04-03,12.0,21.0,14.0
2019-04-04,11.0,20.0,13.0
2019-04-05,11.0,19.0,12.0
2019-04-08,12.0,20.0,14.0
2019-04-09,11.0,19.0,13.0
2019-04-10,19.0,33.0,22.0
2019-04-11,19.0,32.0,22.0
2019-04-12,19.0,33.0,22.0
2019-04-15,18.0,32.0,20.0
2019-04-16,18.0,35.0,21.0
2019-04-17,19.0,36.0,22.0
2019-04-22,19.0,35.0,22.0
2019-04-23,19.0,35.0,22.0
2019-04-24,20.0,35.0,23.0
2019-04-25,19.0,34.0,22.0
2019-04-26,19.0,33.0,22.0
2019-04-29,17.0,31.0,19.0
2019-04-30,17.0,32.0,19.5
2019-05-02,18.0,33.0,20.0
2019-05-03,18.0,32.0,20.0
2019-05-06,17.0,30.0,19.0
2019-05-07,17.0,31.0,19.0
2019-05-08,16.0,29.0,18.0
2019-05-09,15.0,28.0,18.0
2019-05-10,14.0,27.0,16.0
2019-05-13,14.0,26.0,16.0
2019-05-14,14.0,26.0,16.0
2019-05-15,13.0,24.0,15.0
2019-05-16,14.0,27.0,17.0
2019-05-17,14.0,22.0,16.0
2019-05-20,15.0,24.0,18.0
2019-05-21,15.0,24.0,18.0
2019-05-22,15.0,23.0,17.0
2019-05-23,15.0,23.0,17.0
2019-05-24,14.0,23.0,16.0
2019-05-27,13.0,22.0,15.0
2019-05-28,13.0,21.0,15.0
2019-05-29,13.0,21.0,15.0
2019-05-30,13.0,22.0,15.0
2019-05-31,10.0,19.0,13.0
2019-06-03,10.0,18.0,12.0
2019-06-04,10.0,18.0,12.0
2019-06-05,10.0,19.0,13.0
2019-06-06,9.0,18.0,12.0
2019-06-07,9.0,18.0,12.0
2019-06-10,8.0,17.0,10.0
2019-06-11,8.0,17.0,10.0
2019-06-12,8.0,17.0,10.0
2019-06-13,9.0,18.0,11.0
2019-06-14,9.0,18.0,11.0
2019-06-17,9.0,18.0,11.0
2019-06-18,9.0,18.0,11.0
2019-06-19,9.0,17.0,11.0
2019-06-20,8.0,16.0,10.0
2019-06-21,7.0,17.0,10.0
2019-06-24,6.0,14.0,8.0
2019-06-25,6.0,14.0,8.0
2019-06-26,6.0,14.0,8.0
2019-06-27,6.0,13.0,7.0
2019-06-28,6.0,13.0,7.0
2019-07-01,7.0,15.0,9.0
2019-07-02,7.0,15.0,9.0
2019-07-03,6.0,13.0,8.0
2019-07-04,7.0,13.0,8.0
2019-07-05,7.0,13.0,8.0
2019-07-08,5.0,11.0,7.0
2019-07-09,5.0,11.0,7.0
2019-07-10,5.0,11.0,7.0
2019-07-11,5.0,11.0,7.0
2019-07-12,5.0,11.0,7.0
2019-07-15,6.0,12.0,8.0
2019-07-16,6.0,11.8,7.0
2019-07-17,6.0,11.8,7.0
2019-07-18,5.0,11.8,6.5
2019-07-19,5.0,11.8,6.5
2019-07-22,6.0,13.0,7.0
2019-07-23,6.0,13.0,7.0
2019-07-24,6.0,12.8,7.0
2019-07-25,7.0,13.2,8.0
2019-07-26,7.0,13.5,8.2
2019-07-29,7.0,13.8,8.5
2019-07-30,10.0,18.0,12.0
2019-07-31,8.0,19.0,11.0
2019-08-01,9.0,18.5,11.0
2019-08-02,8.0,17.5,10.0
2019-08-05,9.0,16.0,10.0
2019-08-06,9.0,16.0,10.0
2019-08-07,9.0,17.0,11.0
2019-08-08,9.0,16.0,10.0
2019-08-09,9.0,16.0,10.0
2019-08-12,9.0,16.0,11.0
2019-08-13,9.0,16.0,10.5
2019-08-14,9.0,15.5,10.5
2019-08-15,8.5,15.5,9.5
2019-08-16,8.5,15.5,9.5
2019-08-19,8.5,15.5,9.5
2019-08-20,8.5,15.5,9.5
2019-08-21,8.5,15.5,9.5
2019-08-22,9.0,15.5,9.5
2019-08-23,9.0,15.5,9.5
2019-08-26,11.0,21.0,13.0
2019-08-27,11.0,20.0,12.0
2019-08-28,11.0,19.0,12.0
2019-08-29,11.0,18.5,12.0
2019-08-30,11.0,18.5,12.0
2019-09-02,12.0,19.0,13.0
2019-09-03,11.0,18.0,13.0
2019-09-04,11.0,18.0,12.0
2019-09-05,11.0,20.0,13.0
2019-09-06,12.0,25.0,15.0
2019-09-09,12.0,24.0,14.0
2019-09-10,12.0,24.0,14.0
2019-09-11,13.0,24.0,14.0
2019-09-12,13.0,25.0,15.0
2019-09-13,13.0,26.0,15.0
2019-09-17,14.0,27.0,16.0
2019-09-18,14.0,25.0,16.0
2019-09-19,14.0,25.0,16.0
2019-09-20,14.0,26.0,16.0
2019-09-23,13.0,25.0,15.0
2019-09-24,13.0,23.0,14.0
2019-09-25,13.0,24.0,14.0
2019-09-26,13.0,23.0,14.0
2019-09-27,12.0,19.0,14.0
2019-09-30,9.0,16.0,11.0
2019-10-01,10.0,19.0,12.5
2019-10-02,10.0,19.5,13.0
2019-10-03,10.0,19.5,13.0
2019-10-04,11.0,19.0,13.0
2019-10-07,11.0,20.0,13.0
2019-10-08,11.0,20.0,13.0
2019-10-09,11.0,20.0,13.0
2019-10-10,11.0,19.5,13.0
2019-10-11,11.0,19.5,13.0
2019-10-14,11.0,19.5,13.0
2019-10-15,11.0,19.5,13.0
2019-10-16,11.0,19.5,13.0
2019-10-17,11.0,19.5,13.0
2019-10-18,10.0,19.0,12.0
2019-10-21,10.0,19.0,12.0
2019-10-22,10.0,19.0,12.0
2019-10-23,10.0,19.0,12.0
2019-10-24,10.0,18.5,11.8
2019-10-25,10.0,18.5,11.8
2019-10-28,10.5,19.0,11.8
2019-10-29,10.0,19.0,11.8
2019-10-30,10.0,19.0,11.8
2019-10-31,10.0,19.0,12.0
2019-11-01,10.0,19.0,12.0
2019-11-04,11.0,19.5,12.0
2019-11-05,10.0,19.5,11.5
2019-11-06,10.0,19.5,11.0
2019-11-07,10.0,19.0,11.0
2019-11-08,10.0,19.0,11.0
2019-11-11,10.0,21.0,12.0
2019-11-12,10.0,21.0,12.0
2019-11-13,10.0,21.0,11.0
2019-11-14,10.0,20.0,11.0
2019-11-15,10.0,20.0,12.0
2019-11-19,10.0,19.0,11.5
2019-11-20,10.0,19.0,11.5
2019-11-21,9.0,18.5,11.0
2019-11-22,9.0,18.5,11.0
2019-11-25,10.0,19.0,12.0
2019-11-26,10.0,19.0,12.0
2019-11-27,10.0,18.8,11.8
2019-11-28,9.5,18.8,11.8
2019-11-29,9.0,18.8,11.0
2019-12-02,8.5,19.0,11.0
2019-12-03,8.5,19.0,11.0
2019-12-04,8.5,19.0,10.5
2019-12-05,8.5,19.0,10.5
2019-12-06,9.0,19.0,10.5
2019-12-09,10.0,19.5,12.0
2019-12-10,10.0,19.5,11.5
2019-12-11,9.8,19.0,11.5
2019-12-12,9.7,18.9,11.0
2019-12-13,9.7,18.9,11.0
2019-12-16,9.5,19.0,11.2
2019-12-17,9.5,19.0,11.2
2019-12-18,9.5,19.0,11.5
2019-12-19,9.5,19.0,11.0
2019-12-20,9.5,19.0,11.0
2019-12-23,10.0,19.0,11.5
2019-12-24,11.0,22.0,13.0
2019-12-26,10.0,21.0,12.0
2019-12-27,11.0,23.0,13.0
2019-12-30,11.5,23.5,13.5
2019-12-31,11.5,23.5,13.5
2020-01-02,11.5,23.0,13.5
2020-01-03,11.5,23.0,13.5
2020-01-06,11.3,22.5,13.3
2020-01-07,11.3,22.5,13.0
2020-01-08,11.0,22.5,12.5
2020-01-09,11.0,22.5,12.0
2020-01-10,11.0,22.0,12.0
2020-01-13,11.0,22.0,12.0
2020-01-14,11.0,22.0,12.0
2020-01-15,11.0,22.0,12.0
2020-01-16,11.0,22.0,12.0
2020-01-17,10.0,21.0,11.5
2020-01-20,9.0,19.8,11.0
2020-01-21,9.0,19.8,11.0
2020-01-22,9.0,19.8,11.0
2020-01-23,9.0,19.8,11.0
2020-01-24,9.0,19.8,11.0
2020-01-27,8.5,19.5,10.5
2020-01-28,8.5,19.5,10.5
2020-01-29,8.5,19.5,10.5
2020-01-30,8.5,19.5,10.5
2020-01-31,8.5,18.8,11.0
2020-02-04,9.0,18.8,10.5
2020-02-05,9.0,18.8,10.5
2020-02-06,9.0,18.8,10.5
2020-02-07,8.5,18.5,10.0
2020-02-10,8.5,18.5,10.0
2020-02-11,8.5,18.5,10.0
2020-02-12,8.5,18.5,10.0
2020-02-13,8.5,18.5,10.0
2020-02-14,8.5,18.5,10.0
2020-02-17,8.0,18.0,9.5
2020-02-18,8.0,18.0,9.5
2020-02-19,9.0,18.0,10.0
2020-02-20,8.5,18.0,9.5
2020-02-21,9.0,17.8,10.0
2020-02-24,8.8,17.8,9.8
2020-02-25,8.8,17.8,10.0
2020-02-26,9.2,18.0,10.8
2020-02-27,9.2,18.0,10.8
2020-02-28,9.2,18.0,10.5
2020-03-02,9.2,18.0,10.5
2020-03-03,9.5,18.2,10.5
2020-03-04,10.0,18.2,11.0
2020-03-05,10.0,18.2,11.0
2020-03-06,10.0,18.2,11.0
2020-03-10,10.5,18.5,11.2
2020-03-11,10.5,18.5,11.2
2020-03-12,9.8,18.3,10.8
2020-03-13,9.8,18.3,10.8
2020-03-17,10.5,18.5,11.2
2020-03-18,10.5,18.5,11.2
2020-03-19,10.0,18.5,11.0
2020-03-20,10.0,18.5,11.0
2020-03-23,11.0,20.0,13.0
2020-03-24,12.0,21.0,13.5
2020-03-25,12.0,21.0,13.5
2020-03-26,12.0,21.0,13.5
2020-03-27,12.0,21.0,13.5
2020-03-30,12.0,21.5,13.5
2020-03-31,12.0,21.5,13.5
2020-04-01,12.0,21.5,13.0
2020-04-02,12.0,21.5,13.0
2020-04-03,12.0,21.5,13.0
2020-04-06,11.5,22.0,12.0
2020-04-07,11.5,22.0,12.0
2020-04-08,11.5,22.0,13.0
2020-04-13,11.5,22.0,13.0
2020-04-14,11.5,22.0,13.0
2020-04-15,11.0,22.0,13.0
2020-04-16,11.0,22.0,13.0
2020-04-17,11.0,22.0,13.0
2020-04-20,12.0,23.0,14.0
2020-04-21,12.0,23.0,14.0
2020-04-22,12.0,23.0,14.0
2020-04-23,12.0,23.0,14.0
2020-04-24,12.0,23.0,14.0
2020-04-27,12.5,23.0,13.8
2020-04-28,13.5,24.0,14.5
2020-04-29,13.5,24.0,14.5
2020-04-30,13.8,24.5,14.5
2020-05-04,12.0,24.0,13.8
2020-05-06,12.5,24.0,13.8
2020-05-07,12.5,24.0,13.8
2020-05-08,11.0,19.5,12.5
2020-05-11,10.0,17.0,11.0
2020-05-12,10.0,16.5,11.0
2020-05-13,9.0,16.0,10.5
2020-05-14,11.0,22.0,12.5
2020-05-15,11.0,22.0,12.5
2020-05-18,11.0,22.0,12.5
2020-05-19,11.0,22.0,12.5
2020-05-20,11.5,22.0,12.8
2020-05-21,11.5,22.0,12.8
2020-05-22,11.5,22.0,12.8
2020-05-25,11.0,21.5,12.8
2020-05-26,11.0,21.5,12.8
2020-05-27,11.0,21.5,12.8
2020-07-20,7.0,10.0,8.0
2020-07-21,7.0,9.0,8.0
2020-07-22,6.5,8.5,7.5
2020-07-23,6.5,8.5,7.5
2020-07-24,6.5,8.0,7.5
2020-07-27,7.0,8.5,8.0
2020-07-28,7.0,8.5,8.0
2020-07-29,8.0,15.0,10.0
2020-07-30,8.5,15.0,10.0
2020-07-31,8.5,14.5,10.0
2020-08-03,8.0,11.0,9.0
2020-08-04,10.0,17.0,12.0
2020-08-05,9.5,17.0,11.0
2020-08-06,9.5,16.5,11.0
2020-08-07,9.5,16.5,11.0
2020-08-10,11.0,16.0,12.0
2020-08-11,11.0,17.5,12.5
2020-08-12,11.0,18.3,12.5
2020-08-13,11.0,18.3,13.0
2020-08-14,11.0,18.3,13.0
2020-08-17,12.0,18.5,13.2
2020-08-18,12.0,19.0,13.5
2020-08-19,12.0,19.0,13.5
2020-08-20,12.0,19.0,13.0
2020-08-21,12.0,19.0,13.0
2020-08-24,12.0,19.0,13.0
2020-08-25,12.0,19.0,13.0
2020-08-26,12.0,19.0,13.0
2020-08-27,12.0,19.0,13.0
2020-08-28,12.0,14.5,13.0
2020-08-31,11.5,14.0,12.0
2020-09-01,11.0,13.0,12.0
2020-09-02,11.0,13.0,12.0
2020-09-03,11.0,13.0,12.0
2020-09-04,11.0,13.0,12.0
2020-09-07,11.0,13.0,12.0
2020-09-08,10.0,12.5,11.5
2020-09-09,10.5,12.5,11.5
2020-09-10,10.5,12.5,11.5
2020-09-11,10.0,12.0,11.0
2020-09-14,10.0,12.0,11.0
2020-09-15,10.0,13.0,12.0
2020-09-17,10.0,13.0,12.0
2020-09-18,10.0,13.0,12.0
2020-09-21,12.0,17.0,13.5
2020-09-22,12.0,17.0,13.5
2020-09-23,12.0,17.0,13.0
2020-09-24,12.0,17.0,13.0
2020-09-25,11.0,16.0,12.0
2020-09-28,10.0,16.0,11.5
2020-09-29,9.5,16.0,11.0
2020-09-30,9.5,16.0,11.0
2020-10-01,9.5,16.0,10.5
2020-10-02,9.5,16.0,10.5
2020-10-05,9.5,19.0,10.5
2020-10-06,9.5,18.5,10.5
2020-10-07,9.5,16.5,10.5
2020-10-08,9.5,18.5,10.5
2020-10-09,9.0,18.5,10.0
2020-10-12,9.5,18.0,10.0
2020-10-13,8.5,14.5,9.5
2020-10-14,9.0,17.5,10.5
2020-10-15,9.0,17.5,10.5
2020-10-16,10.0,18.5,11.0
2020-10-19,10.0,18.5,11.0
2020-10-20,9.0,17.9,10.3
2020-10-21,9.0,17.9,10.3
2020-10-22,7.0,15.9,10.0
2020-10-23,9.0,17.0,11.0
2020-10-26,9.5,17.5,11.0
2020-10-27,9.5,17.5,11.0
2020-10-28,9.5,17.0,10.8
2020-10-29,9.0,17.0,10.5
2020-10-30,9.0,16.8,10.0
2020-11-03,8.5,16.0,9.8
2020-11-04,9.5,15.5,10.0
2020-11-05,10.0,16.5,11.0
2020-11-06,10.0,17.5,11.5
2020-11-09,10.5,18.0,12.0
2020-11-10,10.0,18.0,11.0
2020-11-11,10.5,19.0,11.5
2020-11-12,10.5,19.0,12.0
2020-11-13,10.5,19.0,12.0
2020-11-17,10.0,19.5,12.0
2020-11-18,9.0,18.5,10.5
2020-11-19,9.0,18.5,10.0
2020-11-20,10.0,19.0,11.0
2020-11-23,9.5,18.8,10.5
2020-11-24,9.8,18.8,10.3
2020-11-25,9.8,18.8,10.3
2020-11-26,9.5,18.6,10.2
2020-11-27,9.5,18.6,10.2
2020-11-30,8.5,17.5,9.5
2020-12-01,7.5,14.8,8.3
2020-12-02,7.0,13.5,7.8
2020-12-03,7.0,12.5,7.8
2020-12-04,6.5,11.0,7.3
2020-12-07,6.5,10.0,7.5
2020-12-08,6.0,8.5,6.8
2020-12-09,6.0,8.5,6.6
2020-12-10,5.5,8.0,6.0
2020-12-11,5.5,7.8,6.0
2020-12-14,5.3,6.8,6.1
2020-12-15,5.0,6.5,5.8
2020-12-16,5.0,6.3,5.5
2020-12-17,4.8,6.0,5.5
2020-12-18,4.8,5.8,5.5
2021-02-15,13.0,15.0,14.0
2021-02-16,14.0,16.0,15.0
2021-02-17,14.0,16.0,15.0
2021-02-18,14.0,16.0,15.0
2021-02-19,13.0,15.0,15.0
2021-02-22,18.0,20.0,19.0
2021-02-23,17.0,19.0,18.5
2021-02-24,17.0,19.0,18.0
2021-02-25,16.0,18.0,17.0
2021-02-26,17.0,20.0,18.0
2021-03-01,16.0,18.0,17.5
2021-03-02,17.0,19.0,18.0
2021-03-03,16.0,18.0,17.0
2021-03-04,22.0,24.0,23.0
2021-03-05,22.0,24.5,23.0
2021-03-08,23.0,25.0,24.0
2021-03-09,23.0,25.0,24.0
2021-03-10,23.0,25.0,24.0
2021-03-11,23.0,25.0,24.0
2021-03-12,23.0,25.0,24.0
2021-03-16,27.0,30.0,29.0
2021-03-17,27.0,30.0,29.0
2021-03-18,27.0,29.0,28.0
2021-03-19,26.0,28.0,27.0
2021-03-22,27.0,29.0,28.0
2021-03-23,27.0,29.0,28.0
2021-03-24,26.0,28.0,27.0
2021-03-25,26.0,28.0,27.0
2021-03-26,27.0,29.0,28.0
2021-03-29,27.0,29.0,28.0
2021-03-30,26.0,28.0,27.0
2021-03-31,26.0,28.0,27.0
2021-04-05,25.0,28.0,25.5
2021-04-06,25.0,28.0,26.0
2021-04-07,26.0,28.0,27.0
2021-04-08,25.0,27.0,26.0
2021-04-09,24.0,27.0,25.0
2021-04-12,23.0,27.0,25.0
2021-04-13,22.0,26.0,24.0
2021-04-14,25.0,30.0,26.0
2021-04-15,23.0,29.0,25.0
2021-04-16,23.0,27.0,25.0
2021-04-19,27.0,32.0,30.0
2021-04-20,27.0,32.0,30.0
2021-04-21,28.0,32.0,30.0
2021-04-22,27.0,31.0,29.0
2021-04-23,27.0,30.0,28.0
2021-04-26,27.0,30.0,28.0
2021-04-27,28.0,31.0,29.0
2021-04-28,30.0,34.0,32.0
2021-04-29,25.0,30.0,28.0
2021-04-30,25.0,30.0,28.0
2021-05-03,24.0,29.0,27.0
2021-05-04,20.0,30.0,25.0
2021-05-06,18.0,27.0,23.0
2021-05-07,20.0,28.0,23.0
2021-05-10,18.0,27.0,22.0
2021-05-11,20.0,27.0,22.0
2021-05-12,19.0,26.0,22.0
2021-05-13,19.0,26.0,20.0
2021-05-14,18.0,25.0,21.0
2021-05-17,16.0,24.0,19.0
2021-05-18,20.0,28.0,23.0
2021-05-19,20.0,27.0,23.0
2021-05-20,18.0,25.0,22.0
2021-05-21,17.0,25.0,22.0
2021-05-24,16.0,24.0,20.0
2021-05-25,16.0,23.0,19.0
2021-05-26,14.0,20.0,17.0
2021-05-27,14.0,20.0,17.0
2021-05-28,13.0,19.0,15.0
2021-05-31,13.0,18.0,15.0
2021-06-01,12.0,17.0,14.0
2021-06-02,10.0,17.0,13.0
2021-06-03,10.0,16.0,12.0
2021-06-04,9.0,15.0,11.0
2021-06-07,10.0,17.0,12.0
2021-06-08,10.0,15.0,12.0
2021-06-09,10.0,15.0,12.0
2021-06-10,8.0,14.0,10.0
2021-06-11,8.0,13.0,10.0
2021-06-14,7.0,13.0,9.0
2021-06-15,6.0,10.0,8.0
2021-06-16,7.0,11.0,9.0
2021-06-17,7.0,11.0,9.0
2021-06-18,7.0,11.0,9.0
2021-06-21,7.0,11.0,9.0
2021-06-22,7.0,11.0,9.0
2021-06-23,6.0,9.0,7.0
2021-06-24,6.0,9.0,7.0
2021-06-25,8.0,11.0,9.0
2021-06-28,5.0,8.0,6.5
2021-06-29,4.0,7.0,6.0
2021-06-30,4.0,7.0,6.0
2021-07-01,4.0,7.0,6.0
2021-07-02,4.0,6.0,5.0
2021-07-05,4.0,7.0,5.0
2021-07-06,4.0,7.0,5.0
2021-07-07,4.0,7.0,5.0
2021-07-08,4.0,6.0,5.0
2021-07-09,4.0,6.0,5.0
2021-07-12,5.0,7.0,6.0
2021-07-13,4.0,6.0,5.0
2021-07-14,4.0,6.0,5.0
2021-07-15,4.0,6.0,5.0
2021-07-16,4.0,6.0,5.0
2021-07-19,4.0,6.0,5.0
2021-07-20,4.0,6.0,5.0
2021-07-21,4.0,7.0,5.0
2021-07-22,4.0,7.0,5.0
2021-07-23,5.0,8.0,6.0
2021-07-26,6.0,13.0,8.0
2021-07-27,7.0,15.0,8.0
2021-07-28,7.0,15.0,8.0
2021-07-29,7.0,15.0,8.0
2021-07-30,6.0,14.0,7.0
2021-08-02,6.0,13.0,7.0
2021-08-03,8.0,17.5,9.0
2021-08-04,8.0,17.5,9.0
2021-08-05,8.0,17.5,9.0
2021-08-06,8.5,17.5,9.5
2021-08-09,8.5,17.5,9.5
2021-08-10,8.5,18.0,9.5
2021-08-11,8.7,18.0,9.5
2021-08-12,8.7,18.0,9.5
2021-08-13,8.7,17.9,9.5
2021-08-16,8.8,18.0,9.6
2021-08-17,8.9,18.0,9.6
2021-08-18,8.9,17.8,9.5
2021-08-19,8.9,17.8,9.5
2021-08-20,8.9,17.8,9.5
2021-08-23,9.0,18.0,9.5
2021-08-24,10.0,18.0,11.0
2021-08-25,11.0,21.0,12.0
2021-08-26,11.0,21.0,12.0
2021-08-27,11.0,20.5,11.8
2021-08-30,10.8,21.0,12.0
2021-08-31,11.0,21.0,13.0
2021-09-01,11.0,21.0,13.0
2021-09-02,11.0,20.5,12.5
2021-09-03,11.0,20.5,12.0
2021-09-06,11.0,20.5,11.9
2021-09-07,11.0,20.5,11.9
2021-09-08,10.8,20.5,11.5
2021-09-09,10.5,20.0,11.3
2021-09-10,11.0,20.5,12.0
2021-09-13,11.0,20.5,12.0
2021-09-14,11.0,20.5,12.0
2021-09-15,11.0,20.5,12.0
2021-09-17,10.5,19.5,11.2
2021-09-20,11.0,20.0,11.5
2021-09-21,10.9,20.0,11.8
2021-09-22,10.5,19.5,11.3
2021-09-23,10.5,19.5,11.3
2021-09-24,10.0,18.8,11.0
2021-09-27,9.5,18.5,10.5
2021-09-28,9.5,18.5,10.5
2021-09-29,9.3,18.5,10.3
2021-09-30,9.3,18.5,10.3
2021-10-01,9.3,18.5,10.3
2021-10-04,8.8,17.9,9.7
2021-10-05,8.8,17.9,9.7
2021-10-06,9.5,19.0,10.2
2021-10-07,8.8,18.7,9.8
2021-10-08,8.8,17.9,9.5
2021-10-11,8.8,18.0,9.5
2021-10-12,8.8,18.0,9.5
2021-10-13,9.0,17.8,10.0
2021-10-14,9.0,17.8,10.0
2021-10-15,8.8,17.5,9.5
2021-10-18,8.5,17.3,9.3
2021-10-19,8.5,17.5,9.3
2021-10-20,8.5,17.5,9.1
2021-10-21,8.8,17.3,9.2
2021-10-22,9.0,17.3,9.5
2021-10-25,8.7,17.2,9.3
2021-10-26,8.7,17.5,9.3
2021-10-27,8.7,17.5,9.3
2021-10-28,8.7,17.3,9.2
2021-10-29,8.8,16.9,9.2
2021-11-01,8.8,17.0,9.2
2021-11-03,8.5,17.0,9.0
2021-11-04,8.5,17.0,9.0
2021-11-05,9.0,17.3,10.0
2021-11-08,8.7,17.3,9.8
2021-11-09,8.7,17.5,9.8
2021-11-10,8.7,17.3,9.8
2021-11-11,8.8,17.2,9.8
2021-11-12,8.8,17.2,9.8
2021-11-16,9.5,18.3,10.2
2021-11-17,9.5,18.3,10.2
2021-11-18,8.8,17.9,9.7
2021-11-19,8.8,17.9,9.7
2021-11-22,9.2,18.5,9.8
2021-11-23,9.8,20.0,10.5
2021-11-24,10.0,20.5,11.0
2021-11-25,9.8,19.8,11.0
2021-11-26,11.0,20.5,12.0
2021-11-29,11.5,21.0,12.0
2021-11-30,11.5,21.0,12.2
2021-12-01,11.8,21.0,12.5
2021-12-02,11.8,21.0,12.5
2021-12-03,12.8,23.5,13.8
2021-12-06,12.5,22.9,13.5
2021-12-07,13.0,23.5,14.2
2021-12-08,13.0,22.9,14.0
2021-12-09,13.5,23.5,14.5
2021-12-10,14.0,23.8,15.0
2021-12-13,15.0,24.5,16.0
2021-12-14,15.0,24.5,16.0
2021-12-15,15.0,24.5,16.0
2021-12-16,15.0,24.5,16.0
2021-12-17,18.0,29.0,20.0
2021-12-20,21.0,35.0,23.0
2021-12-21,22.0,35.0,25.0
2021-12-22,22.0,35.0,24.0
2021-12-23,23.0,35.0,25.0
2021-12-24,23.0,35.0,25.0
2021-12-27,24.0,36.0,27.0
2021-12-28,24.0,36.0,26.0
2021-12-29,24.0,36.0,26.0
2021-12-30,24.0,36.0,26.0
2021-12-31,24.0,36.0,27.0
2022-01-03,24.0,35.0,27.0
2022-01-04,29.0,39.0,30.0
2022-01-05,29.0,45.0,31.0
2022-01-06,35.0,47.0,36.0
2022-01-07,35.0,50.0,37.0
2022-01-10,37.0,58.0,40.0
2022-01-11,39.0,60.0,42.0
2022-01-12,40.0,65.0,43.0
2022-01-13,40.0,68.0,45.0
2022-01-14,40.0,68.0,44.0
2022-01-17,37.0,65.0,41.0
2022-01-18,37.0,65.0,40.0
2022-01-19,37.0,64.0,39.0
2022-01-20,35.0,61.0,37.0
2022-01-21,34.0,59.0,36.0
2022-01-24,35.0,56.0,37.0
2022-01-25,35.0,56.0,37.0
2022-01-26,40.0,65.0,45.0
2022-01-27,40.0,63.0,43.0
2022-01-28,37.0,59.0,39.0
2022-01-31,35.0,53.0,37.0
2022-02-01,35.0,50.0,37.0
2022-02-02,35.0,50.0,37.0
2022-02-03,35.0,49.0,37.0
2022-02-04,40.0,57.0,42.0
2022-02-08,45.0,63.0,48.0
2022-02-09,45.0,60.0,47.0
2022-02-10,49.0,64.0,51.0
2022-02-11,48.0,63.0,50.0
2022-02-14,49.0,65.0,52.0
2022-02-15,49.0,65.0,52.0
2022-02-16,48.0,63.0,50.0
2022-02-17,47.0,61.0,49.0
2022-02-18,45.0,60.0,48.0
2022-02-21,47.0,63.0,49.0
2022-02-22,48.0,65.0,51.0
2022-02-23,52.0,71.0,55.0
2022-02-24,53.0,72.0,55.0
2022-02-25,53.0,71.0,55.0
2022-02-28,54.0,70.0,56.0
2022-03-01,54.0,70.0,56.0
2022-03-02,54.0,69.0,56.0
2022-03-03,54.0,69.0,56.0
2022-03-04,54.0,69.0,56.0
2022-03-07,55.0,75.0,58.0
2022-03-08,57.0,78.0,60.0
2022-03-09,57.0,75.0,60.0
2022-03-10,57.0,73.0,59.0
2022-03-11,57.0,73.0,59.0
2022-03-14,59.0,76.0,62.0
2022-03-15,57.0,85.0,63.0
2022-03-16,57.0,83.0,61.0
2022-03-17,57.0,81.0,60.0
2022-03-18,58.0,83.0,61.0
2022-03-22,59.0,83.0,60.0
2022-03-23,58.0,81.0,60.0
2022-03-24,58.0,79.0,60.0
2022-03-25,58.0,78.0,60.0
2022-03-28,58.0,78.0,60.0
2022-03-29,59.0,85.0,63.0
2022-03-30,58.0,81.0,61.0
2022-03-31,59.0,85.0,65.0
2022-04-01,60.0,83.0,65.0
2022-04-04,65.0,85.0,70.0
2022-04-05,66.0,86.0,71.0
2022-04-06,65.0,79.0,69.0
2022-04-07,65.0,77.0,68.0
2022-04-08,65.0,75.0,67.0
2022-04-11,67.0,78.0,69.0
2022-04-12,67.0,79.0,69.0
2022-04-13,62.0,75.0,65.0
2022-04-18,62.0,74.0,65.0
2022-04-19,60.0,76.0,63.0
2022-04-20,58.0,72.0,60.0
2022-04-21,57.0,69.0,59.0
2022-04-22,55.0,68.0,57.0
2022-04-25,55.0,67.0,56.0
2022-04-26,53.0,67.0,54.0
2022-04-27,50.0,65.0,52.0
2022-04-28,45.0,60.0,48.0
2022-04-29,42.0,59.0,45.0
2022-05-02,38.0,55.0,40.0
2022-05-03,35.0,55.0,38.0
2022-05-04,35.0,53.0,38.0
2022-05-06,30.0,49.0,35.0
2022-05-09,29.0,47.0,30.0
2022-05-10,29.0,47.0,30.0
2022-05-11,28.0,46.0,30.0
2022-05-12,27.0,45.0,29.0
2022-05-13,25.0,39.0,27.0
2022-05-16,24.0,39.0,26.0
2022-05-17,24.0,39.0,26.0
2022-05-18,24.0,37.0,26.0
2022-05-19,23.0,36.0,25.0
2022-05-20,23.0,37.0,25.0
2022-05-23,23.0,35.0,25.0
2022-05-24,23.0,35.0,25.0
2022-05-25,23.0,35.0,25.0
2022-05-26,22.0,33.0,25.0
2022-05-27,20.0,32.0,25.0
2022-05-30,17.0,31.0,23.0
2022-05-31,17.0,31.0,23.0
2022-06-01,17.0,30.0,21.0
2022-06-02,16.0,29.0,20.0
2022-06-03,17.0,28.0,19.0
2022-06-06,17.0,29.0,18.0
2022-06-07,17.0,29.0,18.0
2022-06-08,15.0,27.0,17.0
2022-06-09,14.0,27.0,16.0
2022-06-10,14.0,27.0,16.0
2022-06-13,14.0,27.0,16.0
2022-06-14,13.0,28.0,16.0
2022-06-15,13.0,27.0,15.0
2022-06-16,14.0,26.0,15.5
2022-06-17,14.0,27.0,15.5
2022-06-20,15.0,29.0,16.0
2022-06-21,15.0,29.0,16.0
2022-06-22,15.0,29.0,16.0
2022-06-23,13.0,25.0,14.5
2022-06-24,13.0,25.0,14.0
2022-06-27,12.5,24.5,13.0
2022-06-28,12.5,24.5,13.5
2022-06-29,12.5,24.5,13.3
2022-06-30,13.0,24.5,14.0
2022-07-01,12.0,23.8,13.3
2022-07-04,10.0,22.0,12.3
2022-07-05,11.0,22.0,13.0
2022-07-06,12.0,21.5,13.0
2022-07-07,11.0,20.5,12.0
2022-07-08,10.0,19.5,11.5
2022-07-11,12.0,21.5,13.0
2022-07-12,12.0,21.5,13.0
2022-07-13,12.0,21.5,13.0
2022-07-14,11.0,20.5,12.0
2022-07-15,12.0,21.0,13.0
2022-07-18,13.0,21.0,14.0
2022-07-19,13.0,21.0,14.0
2022-07-20,12.0,20.0,13.0
2022-07-21,10.0,19.0,11.5
2022-07-22,10.0,19.0,11.5
2022-07-25,13.0,25.0,14.5
2022-07-26,13.0,25.0,14.0
2022-07-27,12.0,24.0,13.0
2022-07-28,12.0,23.0,13.0
2022-07-29,12.0,23.0,13.0
2022-08-01,12.0,24.0,13.5
2022-08-02,12.0,24.0,13.5
2022-08-03,11.0,23.5,12.5
2022-08-04,11.0,22.5,12.0
2022-08-05,10.5,21.5,11.5
2022-08-08,13.5,27.0,15.5
2022-08-09,13.5,27.0,15.0
2022-08-10,13.5,26.0,15.0
2022-08-11,13.5,26.0,15.0
2022-08-12,13.5,26.5,15.0
2022-08-15,13.5,26.5,15.0
2022-08-16,13.5,26.5,15.0
2022-08-17,13.5,26.5,15.0
2022-08-18,13.5,26.5,15.0
2022-08-19,13.5,26.5,15.0
2022-08-22,13.5,26.0,15.0
2022-08-23,14.0,26.0,15.0
2022-08-24,14.0,25.0,15.0
2022-08-25,14.0,25.0,15.0
2022-08-26,13.0,23.5,14.0
2022-08-29,13.0,23.8,14.0
2022-08-30,13.0,23.8,14.0
2022-08-31,13.7,23.0,14.0
2022-09-01,13.7,23.0,14.0
2022-09-02,14.0,23.0,15.0
2022-09-05,14.0,23.0,15.0
2022-09-06,14.0,26.0,15.5
2022-09-07,14.0,26.0,15.5
2022-09-08,14.0,25.0,15.0
2022-09-09,14.0,25.0,15.0
2022-09-12,14.0,25.5,15.0
2022-09-13,14.5,25.5,15.5
2022-09-14,14.5,25.0,15.5
2022-09-15,14.0,23.5,15.0
2022-09-19,12.8,24.0,14.0
2022-09-20,12.8,24.0,14.0
2022-09-21,12.8,23.5,14.0
2022-09-22,13.0,23.8,14.3
2022-09-23,13.0,23.8,14.3
2022-09-26,13.0,23.8,14.3
2022-09-27,14.0,24.0,14.8
2022-09-28,14.0,23.5,14.8
2022-09-29,13.8,22.8,14.5
2022-09-30,13.8,22.8,14.3
2022-10-03,13.5,23.5,14.2
2022-10-04,13.5,23.5,14.2
2022-10-05,12.5,22.8,13.9
2022-10-06,12.5,22.8,14.0
2022-10-07,12.5,22.0,13.8
2022-10-10,12.0,21.9,13.5
2022-10-11,12.0,21.9,13.5
2022-10-12,12.0,20.8,13.0
2022-10-13,12.0,21.0,13.0
2022-10-14,12.0,20.5,13.0
2022-10-17,12.5,21.0,13.5
2022-10-18,12.8,24.0,14.2
2022-10-19,12.5,23.8,13.7
2022-10-20,12.5,23.8,13.7
2022-10-21,11.8,22.9,12.6
2022-10-24,11.5,22.5,12.5
2022-10-25,11.5,22.5,12.5
2022-10-26,11.0,21.8,12.0
2022-10-27,11.5,21.5,12.2
2022-10-28,11.0,20.9,12.0
2022-10-31,11.0,21.0,12.0
2022-11-01,10.0,20.5,11.2
2022-11-03,10.0,19.5,11.0
2022-11-04,10.0,19.0,11.0
2022-11-07,11.5,21.5,12.2
2022-11-08,11.5,21.5,12.2
2022-11-09,11.5,21.5,12.2
2022-11-10,11.0,20.8,11.5
2022-11-11,11.0,20.8,11.5
2022-11-14,11.0,20.9,11.3
2022-11-15,11.0,20.9,11.2
2022-11-16,11.0,19.8,11.3
2022-11-17,10.0,19.5,11.0
2022-11-18,10.5,21.5,11.2
2022-11-22,10.5,21.5,11.2
2022-11-23,10.5,21.0,11.3
2022-11-24,10.5,21.0,11.3
2022-11-25,10.0,19.5,11.0
2022-11-28,11.0,21.5,12.3
2022-11-29,11.0,21.5,12.5
2022-11-30,11.0,21.5,12.5
2022-12-01,10.0,20.5,11.0
2022-12-02,10.0,19.8,11.0
2022-12-05,11.0,20.5,12.0
2022-12-06,11.0,20.5,12.0
2022-12-07,11.0,20.5,12.0
2022-12-08,10.5,19.8,11.5
2022-12-09,10.5,19.8,11.5
2022-12-12,10.5,20.5,11.6
2022-12-13,10.5,20.5,11.6
2022-12-14,10.5,20.5,11.6
2022-12-15,11.2,21.5,12.2
2022-12-16,11.2,21.5,12.2
2022-12-19,11.5,21.8,12.3
2022-12-20,13.0,25.0,15.5
2022-12-21,12.5,24.5,14.5
2022-12-22,13.5,24.5,15.0
2022-12-23,13.5,24.5,15.0
2022-12-26,14.0,26.0,15.5
2022-12-27,14.0,26.0,15.5
2022-12-28,14.0,26.0,15.5
2022-12-29,14.0,26.0,15.0
2022-12-30,14.0,26.0,15.0
2023-01-02,14.0,25.0,15.0
2023-01-03,14.0,25.0,15.0
2023-01-04,14.0,25.0,15.0
2023-01-05,14.0,25.0,15.0
2023-01-06,14.0,25.0,15.0
2023-01-09,14.5,26.5,16.0
2023-01-10,14.5,26.5,15.5
2023-01-11,14.0,25.8,15.0
2023-01-12,14.0,25.8,15.0
2023-01-13,14.0,25.8,15.0
2023-01-16,14.0,25.8,15.0
2023-01-17,14.0,25.8,15.0
2023-01-18,14.0,25.5,15.0
2023-01-19,14.0,24.8,15.0
2023-01-20,14.0,24.8,15.0
2023-01-23,15.0,26.5,16.0
2023-01-24,16.0,27.5,17.0
2023-01-25,18.0,27.5,19.0
2023-01-26,18.0,24.7,19.0
2023-01-27,18.0,24.5,19.0
2023-01-30,18.0,32.0,20.0
2023-01-31,19.0,33.0,20.0
2023-02-01,19.0,32.0,20.0
2023-02-02,19.0,31.0,20.0
2023-02-03,19.0,31.5,20.5
2023-02-07,20.0,33.0,21.0
2023-02-08,19.0,32.5,21.0
2023-02-09,19.0,32.5,21.0
2023-02-10,20.0,38.0,22.5
2023-02-13,24.0,43.0,27.0
2023-02-14,24.0,43.0,26.5
2023-02-15,24.0,41.0,26.0
2023-02-16,24.0,39.0,26.0
2023-02-17,24.0,39.0,26.0
2023-02-20,28.0,45.0,30.0
2023-02-21,28.0,49.0,31.0
2023-02-22,28.0,48.0,31.0
2023-02-23,29.0,49.0,31.0
2023-02-24,30.0,53.0,33.0
2023-02-27,29.0,53.0,32.0
2023-02-28,31.0,55.0,35.0
2023-03-01,31.0,55.0,34.0
2023-03-02,32.0,55.0,35.0
2023-03-03,32.0,55.0,35.0
2023-03-06,33.0,56.0,36.0
2023-03-07,33.0,56.0,36.0
2023-03-08,33.0,56.0,35.0
2023-03-09,34.0,56.0,36.0
2023-03-10,33.0,55.0,35.0
2023-03-13,34.0,60.0,37.0
2023-03-14,37.0,64.0,40.0
2023-03-15,37.0,62.0,40.0
2023-03-16,35.0,59.0,37.0
2023-03-17,33.0,57.0,35.0
2023-03-21,33.0,58.0,36.0
2023-03-22,33.0,57.0,35.0
2023-03-23,33.0,56.0,35.0
2023-03-24,34.0,56.0,35.0
2023-03-27,34.0,57.0,36.0
2023-03-28,34.0,57.0,36.0
2023-03-29,34.0,57.0,36.0
2023-03-30,34.0,57.0,36.0
2023-03-31,35.0,65.0,39.0
2023-04-03,34.0,65.0,37.0
2023-04-04,34.0,65.0,37.0
2023-04-05,35.0,69.0,38.0
2023-04-10,35.0,70.0,38.0
2023-04-11,35.0,69.0,38.0
2023-04-12,35.0,69.0,38.0
2023-04-13,35.0,68.0,37.0
2023-04-14,35.0,68.0,37.0
2023-04-17,31.0,64.0,34.0
2023-04-18,34.0,69.0,37.0
2023-04-19,34.0,68.0,36.0
2023-04-20,32.0,67.0,35.0
2023-04-21,33.0,67.0,36.0
2023-04-24,33.0,67.0,35.0
2023-04-25,28.0,59.0,32.0
2023-04-26,26.0,55.0,30.0
2023-04-27,26.0,55.0,29.0
2023-04-28,26.0,57.0,29.0
2023-05-02,23.0,50.0,28.0
2023-05-03,23.0,50.0,29.0
2023-05-04,20.0,49.0,27.0
2023-05-08,20.0,48.0,27.0
2023-05-09,20.0,44.0,28.0
2023-05-10,23.0,44.0,28.0
2023-05-11,23.0,44.0,28.0
2023-05-12,22.0,43.0,27.0
2023-05-15,21.0,43.0,26.0
2023-05-16,22.0,43.0,26.0
2023-05-17,20.0,42.0,25.0
2023-05-18,20.0,42.0,25.0
2023-05-19,20.0,41.0,25.0
2023-05-22,17.0,37.0,23.0
2023-05-23,16.0,36.0,21.0
2023-05-24,14.0,34.0,19.0
2023-05-25,13.0,33.0,18.0
2023-05-26,13.0,33.0,18.0
2023-05-29,14.0,35.0,18.0
2023-05-30,18.0,41.0,21.0
2023-05-31,15.0,38.0,18.0
2023-06-01,14.0,35.0,17.0
2023-06-02,14.0,34.0,17.0
2023-06-05,13.0,26.0,16.0
2023-06-06,13.0,27.0,16.0
2023-06-07,12.0,25.0,15.0
2023-06-08,12.0,23.8,14.5
2023-06-09,12.0,23.8,14.5
2023-06-12,12.5,25.3,14.7
2023-06-13,12.5,25.3,14.7
2023-06-14,12.0,24.9,14.5
2023-06-15,12.5,25.0,14.3
2023-06-16,12.5,25.0,14.5
2023-06-19,12.5,25.0,14.5
2023-06-20,12.5,25.5,15.0
2023-06-21,12.5,24.5,14.5
2023-06-22,11.8,23.9,13.9
2023-06-23,12.0,24.3,14.0
2023-06-26,12.5,29.0,15.2
2023-06-27,12.5,28.5,15.0
2023-06-28,13.0,27.8,15.0
2023-06-29,13.5,27.5,14.8
2023-06-30,13.5,27.5,14.8
2023-07-03,11.5,25.5,13.5
2023-07-04,11.5,25.5,13.5
2023-07-05,11.0,24.5,13.0
2023-07-06,11.0,24.5,13.0
2023-07-07,11.5,23.9,13.0
2023-07-10,11.0,23.8,12.5
2023-07-11,11.0,23.8,13.0
2023-07-12,11.0,23.8,13.0
2023-07-13,10.0,22.8,12.0
2023-07-14,11.0,23.5,12.5
2023-07-17,11.0,23.5,12.5
2023-07-18,12.0,23.8,12.8
2023-07-19,11.5,23.8,12.8
2023-07-20,11.5,23.5,12.8
2023-07-21,11.5,23.5,12.8
2023-07-24,11.8,24.5,13.2
2023-07-25,11.8,24.3,13.0
2023-07-26,12.5,24.8,13.5
2023-07-27,12.5,24.8,13.5
2023-07-28,12.5,24.5,13.5
2023-07-31,11.5,23.8,12.5
2023-08-01,11.5,23.8,12.5
2023-08-02,10.5,22.5,11.5
2023-08-03,10.5,22.5,11.8
2023-08-04,10.5,22.0,11.5
2023-08-07,10.8,22.8,12.0
2023-08-08,10.8,21.8,11.8
2023-08-09,10.8,21.5,11.8
2023-08-10,10.5,20.8,11.5
2023-08-11,10.5,20.8,11.5
2023-08-14,10.5,21.0,11.5
2023-08-15,10.5,21.0,11.5
2023-08-16,10.5,21.0,11.5
2023-08-17,10.5,21.0,11.5
2023-08-18,10.5,21.0,11.5
2023-08-21,18.8,34.0,20.0
2023-08-22,18.5,33.5,19.5
2023-08-23,18.5,33.5,19.5
2023-08-24,18.0,33.5,19.5
2023-08-25,17.0,33.5,18.5
2023-08-28,18.5,34.0,20.0
2023-08-29,19.0,34.5,20.5
2023-08-30,18.5,34.0,20.5
2023-08-31,18.5,34.0,20.0
2023-09-01,18.5,33.5,20.5
2023-09-04,18.5,33.8,20.0
2023-09-05,18.5,33.8,20.0
2023-09-06,18.0,32.9,19.5
2023-09-07,18.5,32.5,19.5
2023-09-08,18.5,33.5,20.0
2023-09-11,19.0,33.5,20.5
2023-09-12,22.0,39.5,25.0
2023-09-13,27.0,43.0,30.0
2023-09-14,29.0,45.0,31.0
2023-09-15,27.0,44.0,31.0
2023-09-18,28.0,44.5,31.0
2023-09-19,28.0,44.5,31.0
2023-09-20,28.0,44.5,31.0
2023-09-21,28.0,44.5,31.0
2023-09-22,28.0,44.5,31.0
2023-09-25,25.0,39.5,28.0
2023-09-26,25.0,39.5,27.5
2023-09-27,27.0,43.5,29.0
2023-09-28,26.0,42.5,29.0
2023-09-29,26.0,42.5,29.0
2023-10-02,29.0,48.0,32.0
2023-10-03,28.0,46.5,31.0
2023-10-04,27.5,46.5,30.0
2023-10-05,27.5,46.5,29.5
2023-10-06,27.5,46.5,29.5
2023-10-09,28.0,46.5,30.5
2023-10-10,29.0,47.0,31.0
2023-10-11,29.0,46.5,31.0
2023-10-12,29.0,46.0,31.0
2023-10-13,28.0,45.0,30.0
2023-10-16,23.0,39.5,26.0
2023-10-17,26.0,48.0,29.0
2023-10-18,25.0,43.5,29.0
2023-10-19,25.0,43.0,29.0
2023-10-20,25.0,43.0,29.0
2023-10-23,25.0,42.5,28.0
2023-10-24,25.0,42.5,28.0
2023-10-25,25.0,42.0,28.0
2023-10-26,23.0,39.5,27.0
2023-10-27,22.0,38.8,26.0
2023-10-30,23.0,39.5,26.5
2023-10-31,22.0,38.5,25.5
2023-11-01,22.0,37.9,24.8
2023-11-03,20.0,36.5,24.5
2023-11-06,21.0,37.5,25.5
2023-11-07,21.0,36.5,25.0
2023-11-08,20.0,36.3,24.0
2023-11-09,20.0,36.3,23.5
2023-11-10,20.0,35.8,23.0
2023-11-13,18.0,35.0,21.5
2023-11-14,18.0,34.5,21.0
2023-11-15,18.0,33.5,20.5
2023-11-16,18.0,33.5,20.0
2023-11-17,18.5,34.5,21.0
2023-11-21,17.0,33.5,19.0
2023-11-22,17.0,33.5,19.0
2023-11-23,16.0,33.0,18.5
2023-11-24,16.0,32.5,18.0
2023-11-27,15.5,32.5,17.0
2023-11-28,14.0,31.5,16.0
2023-11-29,14.0,29.5,15.5
2023-11-30,14.0,19.5,15.0
2023-12-01,14.0,29.5,19.5
2023-12-04,14.5,29.0,15.3
2023-12-05,14.0,28.5,15.0
2023-12-06,14.0,27.5,15.0
2023-12-07,14.0,27.5,15.0
2023-12-08,13.5,26.9,14.5
2023-12-11,14.0,27.5,15.0
2023-12-12,14.0,27.0,15.5
2023-12-13,14.0,27.0,15.5
2023-12-14,14.0,26.5,15.0
2023-12-15,14.0,27.5,15.5
2023-12-18,15.5,34.0,17.5
2023-12-19,15.0,33.5,17.0
2023-12-20,14.5,32.9,16.0
2023-12-21,14.0,32.5,15.8
2023-12-22,14.0,32.0,15.5
2023-12-26,14.0,33.5,15.5
2023-12-27,14.5,28.5,16.0
2023-12-28,17.0,40.0,18.0
2023-12-29,18.0,40.0,19.0
2024-01-02,18.0,40.0,19.0
2024-01-03,18.0,40.0,19.0
2024-01-04,18.0,40.0,19.0
2024-01-05,18.0,40.0,19.0
2024-01-08,23.0,50.0,26.0
2024-01-09,22.0,49.0,25.5
2024-01-10,22.5,48.5,25.0
2024-01-11,23.0,48.5,25.0
2024-01-12,23.0,48.5,25.0
2024-01-15,18.0,45.5,23.5
2024-01-16,18.0,43.5,22.5
2024-01-17,17.0,41.5,21.5
2024-01-18,16.0,39.5,19.0
2024-01-19,17.0,41.0,21.0
2024-01-22,16.0,39.5,19.0
2024-01-23,16.0,39.5,19.0
2024-01-24,16.0,37.5,18.5
2024-01-25,15.0,36.9,17.9
2024-01-26,15.0,35.9,17.5
2024-01-29,14.0,35.7,17.3
2024-01-30,15.0,37.5,17.5
2024-01-31,15.0,36.5,17.5
2024-02-01,14.0,35.5,16.5
2024-02-02,14.0,35.5,17.0
2024-02-06,14.5,37.5,17.5
2024-02-07,14.5,37.5,17.5
2024-02-08,14.0,36.5,17.5
2024-02-09,17.0,39.5,19.0
2024-02-12,18.0,40.0,19.0
2024-02-13,18.0,39.5,19.0
2024-02-14,16.5,37.8,18.3
2024-02-15,17.5,37.5,19.5
2024-02-16,17.5,37.5,19.0
2024-02-19,17.9,38.5,19.0
2024-02-20,18.0,37.8,19.5
2024-02-21,18.0,37.5,19.5
2024-02-22,17.5,36.9,19.0
2024-02-23,17.5,36.9,19.0
2024-02-26,18.5,42.0,21.0
2024-02-27,18.5,42.0,21.0
2024-02-28,17.5,38.5,19.0
2024-02-29,17.5,38.5,19.0
2024-03-01,17.5,37.8,18.5
2024-03-04,19.0,42.0,21.5
2024-03-05,19.0,43.0,22.5
2024-03-06,19.0,41.5,21.8
2024-03-07,19.0,39.8,21.8
2024-03-08,18.5,37.9,20.5
2024-03-11,20.0,42.5,24.0
2024-03-12,20.0,41.9,23.5
2024-03-13,20.0,41.5,23.5
2024-03-14,21.0,40.9,22.8
2024-03-15,20.5,39.5,23.0
2024-03-19,22.0,41.0,24.5
2024-03-20,22.0,41.0,24.5
2024-03-21,22.0,41.0,24.5
2024-03-22,22.5,41.5,24.5
2024-03-25,23.5,49.5,26.5
2024-03-26,23.5,48.5,26.5
2024-03-27,24.0,49.5,27.0
2024-04-01,25.0,49.5,27.5
2024-04-02,25.0,48.0,27.5
2024-04-03,25.0,48.0,27.0
2024-04-04,25.0,48.0,27.0
2024-04-05,25.0,48.0,27.0
2024-04-08,28.0,48.0,31.0
2024-04-09,28.0,47.9,31.0
2024-04-10,28.0,47.9,31.0
2024-04-11,28.0,48.5,31.0
2024-04-12,27.0,47.5,30.0
2024-04-15,27.0,48.5,29.5
2024-04-16,27.0,47.8,30.0
2024-04-17,26.0,46.8,29.0
2024-04-18,25.0,44.5,27.5
2024-04-19,25.0,44.0,28.0
2024-04-22,25.0,43.8,28.0
2024-04-23,26.0,43.5,28.0
2024-04-24,26.0,43.0,27.5
2024-04-25,26.0,42.9,27.5
2024-04-26,27.0,43.5,28.5
2024-04-29,27.0,43.5,28.5
2024-04-30,25.0,41.5,27.5
2024-05-02,25.0,39.5,27.0
2024-05-03,24.0,39.5,26.5
2024-05-06,21.0,38.5,23.5
2024-05-07,20.0,37.5,22.5
2024-05-08,20.0,37.5,22.5
2024-05-09,21.0,37.5,23.0
2024-05-10,22.0,38.5,23.5
2024-05-13,19.0,37.8,21.8
2024-05-14,19.0,37.5,21.5
2024-05-15,19.0,36.5,21.5
2024-05-16,19.0,36.5,21.0
2024-05-17,19.0,36.5,21.0
2024-05-20,18.5,36.0,20.0
2024-05-21,18.5,35.5,19.5
2024-05-22,18.5,35.5,19.5
2024-05-23,18.5,35.5,19.5
2024-05-24,17.5,34.7,18.3
2024-05-27,18.0,35.8,19.5
2024-05-28,17.5,35.5,19.0
2024-05-29,17.5,35.0,18.5
2024-05-30,15.5,32.5,16.8
2024-05-31,15.5,32.5,16.8
2024-06-03,17.0,35.0,18.5
2024-06-04,17.5,35.5,18.5
2024-06-05,17.0,34.5,18.5
2024-06-06,17.0,34.5,18.5
2024-06-07,17.5,34.5,18.5
2024-06-10,17.5,34.5,18.5
2024-06-11,17.0,33.5,18.3
2024-06-12,17.0,33.5,18.3
2024-06-13,17.5,33.0,18.3
2024-06-14,17.0,34.5,18.5
2024-06-17,17.5,35.4,19.0
2024-06-18,17.5,35.5,20.0
2024-06-19,17.5,35.5,19.5
2024-06-20,18.5,38.0,21.0
2024-06-21,18.5,38.0,21.0
2024-06-24,18.5,38.0,21.0
2024-06-25,18.5,38.5,20.0
2024-06-26,18.0,37.5,19.5
2024-06-27,18.0,37.5,19.5
2024-06-28,17.5,37.0,18.5
2024-07-01,17.5,37.0,19.2
2024-07-02,17.5,37.0,19.0
2024-07-03,16.5,36.5,18.0
2024-07-04,16.5,36.5,18.0
2024-07-05,16.5,36.5,18.0
2024-07-08,16.0,36.5,18.0
2024-07-09,16.5,36.5,18.0
2024-07-10,16.5,35.5,17.5
2024-07-11,16.5,35.5,18.0
2024-07-12,16.5,35.5,18.0
2024-07-15,17.0,35.5,18.5
2024-07-16,17.0,33.5,18.5
2024-07-17,16.5,33.0,17.5
2024-07-18,16.5,33.0,17.5
2024-07-19,16.5,33.0,17.5
2024-07-22,15.5,32.5,16.8
2024-07-23,17.5,37.5,19.0
2024-07-24,16.8,36.5,18.0
2024-07-25,16.5,36.0,17.5
2024-07-26,15.5,35.5,17.0
2024-07-29,14.5,34.5,16.5
2024-07-30,14.5,33.8,16.3
2024-07-31,14.5,33.5,16.0
2024-08-01,14.5,33.0,16.0
2024-08-02,14.5,33.0,16.0
2024-08-05,14.0,33.5,16.5
2024-08-06,14.0,33.5,16.5
2024-08-07,14.5,33.5,17.0
2024-08-08,14.0,32.5,17.5
2024-08-09,14.5,32.5,17.0
2024-08-12,14.5,32.5,17.0
2024-08-13,14.5,32.5,17.0
2024-08-14,14.5,32.0,17.0
2024-08-15,14.5,32.0,17.0
2024-08-16,14.5,32.0,17.0
2024-08-19,18.0,40.0,21.0
2024-08-20,17.5,39.5,20.0
2024-08-21,17.5,39.5,19.5
2024-08-22,17.5,39.5,19.5
2024-08-23,17.0,38.5,18.3
2024-08-26,17.5,39.0,18.5
2024-08-27,18.0,39.0,19.5
2024-08-28,17.5,38.5,19.0
2024-08-29,17.5,38.5,19.0
2024-08-30,17.5,38.5,19.0
2024-09-02,17.0,37.5,19.0
2024-09-03,17.0,37.5,19.0
2024-09-04,17.0,37.5,19.0
2024-09-05,17.0,37.5,19.0
2024-09-06,17.0,37.0,19.0
2024-09-09,21.0,46.5,24.0
2024-09-10,21.0,45.5,23.5
2024-09-11,22.5,49.5,24.5
2024-09-12,22.5,48.5,24.0
2024-09-13,24.5,54.0,27.5
2024-09-17,24.0,52.5,26.5
2024-09-18,24.0,52.0,27.0
2024-09-19,23.0,51.5,26.0
2024-09-20,23.0,49.5,25.0
2024-09-23,23.5,48.0,26.0
2024-09-24,23.5,47.5,26.0
2024-09-25,23.5,47.0,26.0
2024-09-26,22.5,46.0,25.0
2024-09-27,21.0,44.5,23.5
2024-09-30,26.0,52.0,29.0
2024-10-02,26.0,49.5,28.5
2024-10-03,24.5,48.5,27.5
2024-10-04,24.5,48.0,27.5
2024-10-07,24.0,47.5,26.5
2024-10-08,24.0,47.5,26.5
2024-10-09,24.0,46.5,26.0
2024-10-10,23.5,46.5,25.5
2024-10-11,23.5,46.5,25.5
2024-10-14,22.5,45.5,25.0
2024-10-15,24.5,47.5,27.0
2024-10-16,24.5,47.0,27.0
2024-10-17,23.5,46.5,26.0
2024-10-18,23.5,46.0,26.0
2024-10-21,24.0,46.0,27.0
2024-10-22,24.0,46.0,27.0
2024-10-23,23.0,45.0,26.0
2024-10-24,19.0,39.0,22.0
2024-10-25,19.0,39.0,22.0
2024-10-28,18.5,38.5,20.0
2024-10-29,18.5,37.5,20.0
2024-10-30,17.0,36.0,18.5
2024-10-31,17.0,35.5,18.5
2024-11-01,16.5,35.0,18.0
2024-11-04,15.5,34.5,17.5
2024-11-05,16.0,35.0,17.5
2024-11-06,15.5,35.0,17.5
2024-11-07,15.5,35.0,17.5
2024-11-08,15.5,34.0,17.0
2024-11-11,15.5,33.5,17.5
2024-11-12,14.5,31.5,16.5
2024-11-13,14.5,31.5,16.5
2024-11-14,13.9,29.5,15.0
2024-11-15,14.0,29.5,15.0
2024-11-19,14.0,29.5,15.0
2024-11-20,13.2,27.5,14.5
2024-11-21,11.5,26.5,13.0
2024-11-22,11.0,25.5,12.5
2024-11-25,12.0,25.5,13.0
2024-11-26,11.5,24.5,13.0
2024-11-27,11.5,23.5,12.5
2024-11-28,10.5,22.5,11.8
2024-11-29,10.5,22.5,11.8
2024-12-02,11.5,24.5,13.5
2024-12-03,11.0,23.5,13.0
2024-12-04,11.5,23.5,13.0
2024-12-05,10.5,21.5,11.5
2024-12-06,10.5,21.5,11.5
2024-12-09,9.5,20.5,10.5
2024-12-10,9.0,19.5,10.0
2024-12-11,9.0,19.5,10.0
2024-12-12,9.0,19.5,10.0
2024-12-13,9.0,19.5,10.0
2024-12-16,8.5,18.5,9.3
2024-12-17,9.3,23.5,10.5
2024-12-18,10.0,24.5,11.2
2024-12-19,10.0,23.5,11.5
2024-12-20,10.0,23.5,11.5
2024-12-23,9.0,23.5,12.0
2024-12-24,11.0,28.0,14.5
2024-12-26,10.5,27.5,12.8
2024-12-27,9.8,26.0,11.5
2024-12-30,10.0,25.0,11.5
2024-12-31,10.0,25.0,11.5
2025-01-02,10.0,25.0,11.5
2025-01-03,10.0,25.0,11.5
2025-01-06,10.5,26.5,12.5
2025-01-07,10.5,26.5,12.5
2025-01-08,13.8,28.5,14.8
2025-01-09,14.0,29.0,15.2
2025-01-10,14.5,29.0,15.5
2025-01-13,13.8,28.5,15.2
2025-01-14,14.0,28.5,15.2
2025-01-15,14.5,28.5,15.2
2025-01-16,14.5,28.5,15.2
2025-01-17,14.5,28.5,15.5
2025-01-20,14.5,28.5,15.5
2025-01-21,14.0,27.8,15.3
2025-01-22,12.5,26.5,13.8
2025-01-23,12.5,26.5,14.0
2025-01-24,14.5,29.0,16.0
2025-01-27,13.5,27.5,14.8
2025-01-28,13.7,27.5,14.8
2025-01-29,14.0,27.5,15.0
2025-01-30,14.0,26.8,15.0
2025-01-31,14.5,28.0,15.5
2025-02-04,14.5,27.5,15.5
2025-02-05,14.5,27.5,15.5
2025-02-06,15.0,27.5,16.3
2025-02-07,14.5,26.8,15.5
2025-02-10,14.0,27.3,14.9
2025-02-11,14.0,27.5,15.0
2025-02-12,18.5,34.5,20.0
2025-02-13,18.5,34.5,20.0
2025-02-14,19.0,35.5,20.5
2025-02-17,21.0,43.5,25.5
2025-02-18,20.0,41.8,26.0
2025-02-19,20.0,41.0,26.0
2025-02-20,19.5,39.5,23.5
2025-02-21,20.0,39.5,24.5
2025-02-24,24.0,42.5,25.5
2025-02-25,24.5,43.0,26.0
2025-02-26,24.5,42.5,25.5
2025-02-27,24.5,42.0,26.0
2025-02-28,25.0,43.5,27.0
2025-03-03,24.0,44.5,26.5
2025-03-04,24.0,44.5,26.5
2025-03-05,23.5,43.5,25.5
2025-03-06,23.5,43.5,25.5
2025-03-07,23.5,43.5,25.5
2025-03-10,25.5,45.5,27.5
2025-03-11,25.5,43.0,28.0
2025-03-12,25.0,43.5,27.5
2025-03-13,24.5,42.8,26.8
2025-03-14,34.0,58.0,37.5
2025-03-18,33.0,58.0,37.0
2025-03-19,33.0,57.5,36.5
2025-03-20,34.0,57.5,37.0
2025-03-21,34.0,58.5,37.0
2025-03-24,35.0,59.0,37.0
2025-03-25,36.0,59.0,37.0
2025-03-26,36.0,59.0,37.5
2025-03-27,36.0,58.0,37.5
2025-03-28,36.0,58.0,37.5
2025-03-31,29.0,55.0,32.5
2025-04-01,28.0,54.0,31.0
2025-04-02,32.0,62.5,36.5
2025-04-03,31.0,59.5,34.5
2025-04-04,29.0,57.5,33.5
2025-04-07,28.0,57.0,32.5
2025-04-08,28.0,55.5,31.5
2025-04-09,28.0,55.0,31.5
2025-04-10,29.0,55.0,32.0
2025-04-11,29.0,54.5,31.5
2025-04-14,29.0,52.5,32.0
2025-04-15,29.0,52.5,31.5
2025-04-16,28.5,53.5,33.5
2025-04-21,30.0,55.0,34.0
2025-04-22,30.0,54.0,33.5
2025-04-23,29.0,53.0,34.0
2025-04-24,29.0,52.5,33.0
2025-04-25,30.0,53.8,34.5
2025-04-28,31.0,55.0,36.0
2025-04-29,31.0,55.0,36.0
2025-04-30,31.0,54.5,35.5
2025-05-02,31.0,53.8,34.5
2025-05-06,29.0,51.5,32.9
2025-05-07,27.5,45.5,29.5
2025-05-08,26.0,38.5,28.5
2025-05-09,25.5,36.0,29.0
2025-05-12,24.5,35.0,28.0
2025-05-13,24.0,33.5,27.0
2025-05-14,24.0,33.5,27.0
2025-05-15,23.0,32.5,26.0
2025-05-16,23.0,32.0,27.0
2025-05-19,20.0,28.0,26.0
2025-05-20,20.0,28.0,25.0
2025-05-21,17.0,26.0,22.0
2025-05-22,16.0,25.0,21.0
2025-05-23,15.0,24.0,19.0
2025-05-26,16.0,24.0,20.0
2025-05-27,16.0,24.0,20.0
2025-05-28,17.0,25.0,21.0
2025-05-29,16.0,24.0,20.0
2025-05-30,14.0,22.0,18.0
2025-06-02,13.0,21.0,16.0
2025-06-03,12.0,20.0,15.0
2025-06-04,12.0,19.0,15.0
2025-06-05,11.0,18.0,14.0
2025-06-06,9.0,17.0,13.0
2025-06-09,8.0,16.0,12.0
2025-06-10,8.0,15.0,11.0
2025-06-11,9.0,14.0,11.0
2025-06-12,8.0,13.0,10.0
2025-06-13,9.0,14.0,11.0
2025-06-16,8.0,15.0,11.0
2025-06-17,8.0,15.0,11.0
2025-06-18,9.0,15.0,11.0
2025-06-19,9.0,15.0,11.0
2025-06-20,10.0,16.0,12.0
2025-06-23,9.0,15.0,12.0
2025-06-24,9.0,15.0,12.0
2025-06-25,10.0,15.0,12.0
2025-06-26,10.0,15.0,12.0
2025-06-27,9.0,14.0,11.0
2025-06-30,9.0,15.0,12.0
2025-07-01,8.0,13.5,11.0
2025-07-02,8.0,13.5,11.0
2025-07-03,8.0,13.5,11.0
2025-07-04,9.0,13.0,10.0
2025-07-07,9.0,13.0,10.0
2025-07-08,8.0,12.0,10.0
2025-07-09,7.0,11.0,9.0
2025-07-10,7.0,12.0,10.0
2025-07-11,7.0,12.0,10.0
2025-07-14,7.0,12.0,10.0
2025-07-15,6.0,11.0,9.0
2025-07-16,6.0,11.0,9.0
2025-07-17,5.0,10.0,8.0
2025-07-18,5.0,10.0,8.0
2025-07-21,7.0,10.0,9.0
2025-07-22,6.0,9.0,8.0
2025-07-23,6.0,9.0,8.0
2025-07-24,7.0,9.0,8.0
2025-07-25,6.0,9.0,7.0
2025-07-28,6.0,9.0,7.0
2025-07-29,6.0,9.0,7.0
2025-07-30,6.0,9.0,7.0
2025-07-31,6.0,9.0,7.0
2025-08-01,6.0,9.0,7.0
2025-08-04,6.0,9.0,7.0
2025-08-05,5.0,8.0,7.0
2025-08-06,5.0,8.0,7.0
2025-08-07,6.0,9.0,8.0
2025-08-08,8.0,12.0,10.0
2025-08-11,9.0,11.0,10.0
2025-08-12,8.0,10.0,9.0
2025-08-13,8.0,10.0,9.0
2025-08-14,6.0,9.0,8.0
2025-08-15,6.0,9.0,8.0
2025-08-18,7.0,9.0,8.0
2025-08-19,7.0,9.0,8.0
2025-08-20,7.0,9.0,8.0
2025-08-21,7.0,9.0,8.0
2025-08-22,7.0,9.0,8.0
2025-08-25,6.5,9.0,7.5
2025-08-26,6.5,9.0,7.5
2025-08-27,6.5,9.0,7.5
2025-08-28,6.5,9.0,7.5
2025-08-29,6.5,9.0,7.5
2025-09-01,8.0,10.0,9.0
2025-09-02,8.0,10.0,9.0
2025-09-03,8.0,10.0,9.0
2025-09-04,7.0,10.0,9.0
2025-09-05,7.0,10.0,9.0
2025-09-08,7.0,9.0,8.0
2025-09-09,7.0,10.0,8.0
2025-09-10,8.0,10.0,9.0
2025-09-11,7.0,10.0,8.0
2025-09-12,7.0,10.0,8.0
2025-09-15,7.0,10.0,8.0
2025-09-17,8.0,10.0,9.0
2025-09-18,7.0,9.0,8.0
2025-09-19,7.0,9.0,8.0
2025-09-22,7.0,9.0,8.0
2025-09-23,7.0,9.0,8.0
2025-09-24,7.0,9.0,8.0
2025-09-25,7.0,9.0,8.0
2025-09-26,6.0,9.0,7.0
2025-09-29,5.0,8.0,6.0
2025-09-30,6.0,9.0,7.0
2025-10-01,7.0,9.0,8.0
2025-10-02,7.0,9.0,8.0
2025-10-03,7.0,9.0,8.0
2025-10-06,6.0,9.0,7.0
2025-10-07,7.0,9.0,8.0
2025-10-08,6.0,9.0,7.0
2025-10-09,5.0,8.0,7.0
2025-10-10,5.0,8.0,7.0
2025-10-13,6.0,9.0,7.0
2025-10-14,6.0,9.0,7.0
2025-10-15,5.0,8.0,6.0
2025-10-16,5.0,8.0,6.0
2025-10-17,5.0,8.0,6.0
2025-10-20,5.0,8.0,6.0
2025-10-21,5.0,8.0,6.0
2025-10-22,5.0,9.0,6.0
2025-10-23,5.0,9.0,6.0
2025-10-24,5.0,9.0,6.0
2025-10-27,6.0,9.0,7.0
2025-10-28,6.0,9.0,7.0
2025-10-29,6.0,9.0,7.0
2025-10-30,6.0,9.0,7.0
2025-10-31,6.0,9.0,7.0
2025-11-03,7.0,9.0,8.0
2025-11-04,7.0,9.0,8.0
2025-11-05,7.0,9.0,8.0
2025-11-06,6.0,9.0,7.0
2025-11-07,5.0,8.0,6.0
2025-11-10,6.0,9.0,7.0
2025-11-11,6.0,9.0,7.0
2025-11-12,6.0,9.0,7.0
2025-11-13,6.0,9.0,7.0
2025-11-14,6.0,9.0,7.0
2025-11-18,5.0,8.0,7.0
2025-11-19,6.0,9.0,7.0
2025-11-20,6.0,9.0,7.0
2025-11-21,5.0,9.0,7.0
2025-11-24,6.0,9.0,7.0
2025-11-25,6.0,9.0,7.0
2025-11-26,6.0,9.0,7.0
2025-11-27,6.0,9.0,7.0
2025-11-28,6.0,9.0,7.0
2025-12-01,5.0,8.0,6.0
2025-12-02,5.0,8.0,6.0
2025-12-03,5.0,8.0,6.0
2025-12-04,5.0,8.0,7.0
2025-12-05,5.0,8.0,7.0
2025-12-08,7.0,10.0,8.0
2025-12-09,7.0,10.0,8.0
2025-12-10,7.0,10.0,8.0
2025-12-11,7.0,11.0,8.0
2025-12-12,6.0,10.0,8.0
2025-12-15,7.0,9.0,8.0
2025-12-16,8.0,10.0,9.0
2025-12-17,6.0,9.0,8.0
2025-12-18,6.0,9.0,7.0
2025-12-19,6.0,9.0,7.0
2025-12-22,7.0,10.0,8.0
2025-12-23,8.0,12.0,10.0
2025-12-24,9.0,12.0,11.0
2025-12-26,10.0,13.0,11.0
2025-12-29,9.0,12.0,10.0
2025-12-30,9.0,12.0,10.0
2025-12-31,9.0,12.0,10.0
2026-01-02,9.0,12.0,10.0
2026-01-05,14.0,16.0,15.0
2026-01-06,14.0,16.0,15.0
2026-01-07,13.0,16.0,14.0
2026-01-08,13.0,15.0,14.0
2026-01-09,12.0,15.0,13.0
2026-01-12,13.0,15.0,14.0
2026-01-13,13.0,15.0,14.0
2026-01-14,12.0,15.0,13.0
2026-01-15,12.0,15.0,13.0
2026-01-16,10.0,14.0,12.0
2026-01-19,11.0,14.0,12.0
2026-01-20,11.0,14.0,12.0
2026-01-21,11.0,14.0,12.0
2026-01-22,12.0,15.0,13.0
2026-01-23,12.0,15.0,13.0
2026-01-26,12.0,15.0,13.0
2026-01-27,12.0,14.0,13.0
2026-01-28,13.0,15.0,14.0
2026-01-29,13.0,15.0,14.0
2026-01-30,12.0,15.0,13.0
2026-02-03,14.0,17.0,15.0
2026-02-04,17.0,20.0,19.0
2026-02-05,18.0,21.0,19.0
2026-02-06,19.0,22.0,20.0
2026-02-09,20.0,22.0,21.0
2026-02-10,21.0,24.0,23.0
2026-02-11,22.0,25.0,23.0
2026-02-12,22.0,25.0,23.0
2026-02-13,22.0,26.0,23.0
2026-02-16,21.0,25.0,23.0
2026-02-17,21.0,25.0,23.0
2026-02-18,24.0,26.0,25.0
2026-02-19,25.0,28.0,26.0
2026-02-20,25.0,28.0,26.0
2026-02-23,25.0,29.0,26.0
2026-02-24,25.0,29.0,26.0
2026-02-25,25.0,29.0,26.0
2026-02-26,25.0,29.0,26.0
2026-02-27,25.0,29.0,26.0
2026-03-02,28.0,33.0,30.0
2026-03-03,30.0,34.0,32.0
2026-03-04,35.0,40.0,38.0
2026-03-05,38.0,41.0,40.0
2026-03-06,40.0,42.0,40.0
2026-03-09,48.0,55.0,50.0
2026-03-10,45.0,53.0,48.0
2026-03-11,40.0,50.0,45.0
2026-03-12,40.0,48.0,45.0
2026-03-13,40.0,45.0,43.0
2026-03-17,38.0,45.0,40.0
2026-03-18,38.0,45.0,40.0
2026-03-19,38.0,45.0,40.0
2026-03-20,38.0,45.0,40.0
2026-03-23,45.0,50.0,50.0
2026-03-24,45.0,55.0,50.0
2026-03-25,40.0,50.0,45.0
2026-03-26,45.0,55.0,50.0
2026-03-27,45.0,55.0,50.0
2026-03-30,40.0,50.0,45.0
2026-03-31,40.0,50.0,45.0
2026-04-01,35.0,45.0,40.0
2026-04-06,35.0,45.0,40.0
2026-04-07,35.0,45.0,40.0
2026-04-08,35.0,45.0,40.0
2026-04-09,35.0,45.0,40.0
2026-04-10,35.0,45.0,40.0
2026-04-13,30.0,40.0,35.0
2026-04-14,35.0,45.0,40.0
2026-04-15,35.0,45.0,40.0
2026-04-16,30.0,40.0,35.0
2026-04-17,30.0,40.0,35.0
2026-04-20,28.0,35.0,33.0
2026-04-21,25.0,35.0,30.0
2026-04-22,25.0,35.0,30.0
2026-04-23,25.0,35.0,30.0
2026-04-24,23.0,33.0,28.0
2026-04-27,20.0,30.0,25.0
2026-04-28,20.0,30.0,25.0
2026-04-29,25.0,35.0,28.0
2026-04-30,20.0,30.0,25.0
2026-05-04,20.0,30.0,23.0
2026-05-06,20.0,30.0,25.0
2026-05-07,22.0,30.0,25.0
2026-05-08,20.0,32.0,25.0
2026-05-11,20.0,30.0,25.0
2026-05-12,22.0,30.0,26.0
2026-05-13,22.0,30.0,26.0
2026-05-14,25.0,30.0,26.0
2026-05-15,24.0,32.0,26.0
2026-05-18,22.0,30.0,25.0
2026-05-19,22.0,30.0,25.0
2026-05-20,20.0,30.0,25.0
2026-05-21,20.0,30.0,25.0
2026-05-22,20.0,30.0,25.0
2026-05-25,20.0,28.0,23.0
2026-05-26,20.0,28.0,23.0
2026-05-27,18.0,27.0,22.0
2026-05-28,14.0,22.0,18.0
2026-05-29,13.0,21.0,17.0
2026-06-01,12.0,20.0,15.0
2026-06-02,12.0,18.0,15.0
2026-06-03,11.0,17.0,14.0
2026-06-04,10.0,16.0,13.0
2026-06-05,10.0,15.0,12.0
2026-06-08,8.0,13.0,10.0
2026-06-09,7.0,12.0,9.0
2026-06-10,7.0,11.0,9.0
2026-06-11,7.0,11.0,9.0
2026-06-12,7.0,10.0,8.0
2026-06-15,7.0,10.0,8.0
2026-06-16,7.0,10.0,8.0
2026-06-17,6.0,10.0,8.0
2026-06-18,7.0,11.0,9.0
2026-06-19,7.0,10.0,8.0
2026-06-22,7.0,10.0,8.0
2026-06-23,7.0,10.0,8.0
2026-06-24,7.0,10.0,8.0
2026-06-25,7.0,10.0,8.0
2026-06-26,7.0,10.0,8.0
2026-06-29,7.0,11.0,8.0
2026-06-30,6.0,10.0,8.0
2026-07-01,6.0,10.0,8.0
2026-07-02,7.0,10.0,8.0
2026-07-03,7.0,10.0,8.0
2026-07-06,8.0,10.0,9.0
2026-07-07,7.0,9.0,8.0
2026-07-08,7.0,9.0,8.0
2026-07-09,7.0,9.0,8.0
2026-07-10,6.0,8.0,7.0
2026-07-13,10.5,13.0,11.0
2026-07-14,8.0,11.0,9.0
2026-07-15,7.0,9.0,8.0
2026-07-16,7.0,9.0,8.0
2026-07-17,9.0,11.0,10.0
2026-07-20,10.0,13.0,11.0
2026-07-21,10.0,13.0,11.0
2026-07-22,10.0,13.0,11.0
2026-07-23,10.0,13.0,11.0
2026-07-24,10.0,14.0,11.0
2026-07-27,10.0,14.0,11.0
2026-07-28,10.0,14.0,11.0
2026-07-29,10.0,14.0,11.0
2026-07-30,10.0,14.0,11.0
2026-07-31,10.0,14.0,11.0
2026-08-03,10.0,15.0,12.0
2026-08-04,10.0,15.0,12.0
2026-08-05,10.0,14.0,12.0
2026-08-06,10.0,14.0,12.0
2026-08-07,10.0,16.0,12.0
2026-08-10,10.0,16.0,12.0
2026-08-11,10.0,16.0,12.0
2026-08-12,10.0,16.0,12.0
2026-08-13,10.0,16.0,12.0
2026-08-14,10.0,16.0,12.0
2026-08-17,12.0,18.0,13.0
2026-08-18,12.0,17.0,13.0
2026-08-19,12.0,17.0,13.0
2026-08-20,12.0,17.0,13.0
2026-08-21,12.0,17.0,13.0
2026-08-24,12.0,17.0,13.0
2026-08-25,12.0,17.0,13.0
2026-08-26,12.0,17.0,13.0
2026-08-27,11.0,18.0,13.0
2026-08-28,11.0,18.0,13.0
2026-08-31,8.0,14.0,10.0
2026-09-01,7.0,12.0,9.0
2026-09-02,8.0,11.0,9.0
2026-09-03,8.0,11.0,9.0
2026-09-04,8.0,12.0,9.0
2026-09-07,9.0,12.0,10.0
2026-09-08,10.0,14.0,12.0
2026-09-09,9.0,13.0,11.0
2026-09-10,8.0,12.0,10.0
2026-09-11,8.0,11.0,9.0
2026-09-14,9.0,12.0,10.0
2026-09-15,10.0,13.0,11.0
2026-09-17,10.0,13.0,11.0
2026-09-18,10.0,13.0,11.0
2026-09-21,11.0,14.0,12.0
2026-09-22,10.0,13.0,11.0
2026-09-23,10.0,13.0,11.0
2026-09-24,10.0,14.0,12.0
2026-09-25,9.0,13.0,11.0
2026-09-28,9.0,12.0,11.0
2026-09-29,10.0,13.0,11.0
2026-09-30,9.0,12.0,10.0
2026-10-01,9.0,12.0,10.0
2026-10-02,8.0,11.0,10.0
2026-10-05,8.0,11.0,9.0
2026-10-06,9.0,12.0,10.0
2026-10-07,9.0,12.0,10.0
2026-10-08,8.0,11.0,9.0
2026-10-09,8.0,11.0,9.0
